"Дата","Цена","Откр.","Макс.","Мин.","Объём","Изм. %"
"31.12.2019","66,00","66,65","66,93","65,63","171,01K","-3,57%"
"30.12.2019","68,44","68,20","68,99","68,16","29,42K","0,41%"
"27.12.2019","68,16","67,91","68,33","67,57","112,22K","0,35%"
"26.12.2019","67,92","67,27","67,99","67,22","69,82K","1,07%"
"24.12.2019","67,20","66,44","67,26","66,36","104,94K","1,22%"
"23.12.2019","66,39","66,15","66,62","65,81","130,19K","0,38%"
"20.12.2019","66,14","66,56","66,72","65,70","210,55K","-0,60%"
"19.12.2019","66,54","66,19","66,78","66,03","229,21K","0,56%"
"18.12.2019","66,17","65,84","66,43","65,56","248,77K","0,11%"
"17.12.2019","66,10","65,31","66,24","65,12","239,85K","1,16%"
"16.12.2019","65,34","65,05","65,66","64,88","183,35K","0,18%"
"13.12.2019","65,22","64,56","65,79","64,50","232,75K","1,59%"
"12.12.2019","64,20","63,90","64,85","63,87","238,31K","0,75%"
"11.12.2019","63,72","64,00","64,26","63,01","250,14K","-0,96%"
"10.12.2019","64,34","64,03","64,69","63,78","235,19K","0,14%"
"09.12.2019","64,25","64,29","64,50","63,61","239,77K","-0,22%"
"06.12.2019","64,39","63,41","64,88","62,83","314,60K","1,58%"
"05.12.2019","63,39","62,97","63,91","62,75","294,84K","0,62%"
"04.12.2019","63,00","61,08","63,51","61,00","319,04K","3,58%"
"03.12.2019","60,82","61,05","61,58","60,30","248,55K","-0,16%"
"02.12.2019","60,92","60,73","62,09","60,72","297,87K","-2,42%"
"29.11.2019","62,43","63,77","63,86","62,36","19,65K","-2,25%"
"28.11.2019","63,87","63,91","64,00","63,19","96,08K","-0,30%"
"27.11.2019","64,06","64,02","64,60","63,51","125,47K","-0,33%"
"26.11.2019","64,27","63,70","64,32","63,44","181,10K","0,97%"
"25.11.2019","63,65","63,60","63,80","62,97","212,05K","0,41%"
"22.11.2019","63,39","63,62","64,27","62,98","228,74K","-0,91%"
"21.11.2019","63,97","62,22","64,03","61,92","318,49K","2,52%"
"20.11.2019","62,40","60,94","62,80","60,30","343,31K","2,45%"
"19.11.2019","60,91","62,28","62,57","60,70","296,80K","-2,45%"
"18.11.2019","62,44","63,36","63,57","61,94","228,25K","-1,36%"
"15.11.2019","63,30","62,47","63,65","61,70","255,68K","1,64%"
"14.11.2019","62,28","62,61","63,21","62,15","234,78K","-0,14%"
"13.11.2019","62,37","61,85","62,74","61,22","273,03K","0,50%"
"12.11.2019","62,06","62,11","62,85","61,82","238,17K","-0,19%"
"11.11.2019","62,18","62,60","62,76","61,57","213,34K","-0,53%"
"08.11.2019","62,51","62,29","62,70","60,66","287,67K","0,35%"
"07.11.2019","62,29","61,73","62,89","61,65","261,07K","0,89%"
"06.11.2019","61,74","62,78","63,32","61,59","275,94K","-1,94%"
"05.11.2019","62,96","62,04","63,19","61,85","231,67K","1,34%"
"04.11.2019","62,13","61,80","62,78","61,28","235,38K","0,71%"
"01.11.2019","61,69","59,45","61,82","59,40","236,09K","2,42%"
"31.10.2019","60,23","60,57","61,13","60,07","13,90K","-0,63%"
"30.10.2019","60,61","61,60","61,93","60,45","105,87K","-1,59%"
"29.10.2019","61,59","61,61","61,98","60,66","136,93K","0,03%"
"28.10.2019","61,57","62,04","62,34","61,19","167,86K","-0,73%"
"25.10.2019","62,02","61,50","62,11","60,93","204,45K","0,57%"
"24.10.2019","61,67","60,99","61,90","60,64","215,54K","0,82%"
"23.10.2019","61,17","59,48","61,30","58,85","313,23K","2,46%"
"22.10.2019","59,70","59,05","60,26","58,75","260,60K","1,26%"
"21.10.2019","58,96","59,23","59,55","58,26","212,57K","-0,77%"
"18.10.2019","59,42","59,78","60,29","59,01","228,14K","-0,82%"
"17.10.2019","59,91","58,99","60,04","58,69","269,84K","0,82%"
"16.10.2019","59,42","58,90","59,75","58,36","257,88K","1,16%"
"15.10.2019","58,74","59,30","59,68","58,00","305,68K","-1,03%"
"14.10.2019","59,35","60,69","60,73","58,50","283,07K","-1,92%"
"11.10.2019","60,51","59,53","60,69","59,21","367,63K","2,39%"
"10.10.2019","59,10","58,04","59,60","57,80","262,53K","1,34%"
"09.10.2019","58,32","58,02","59,35","57,91","266,48K","0,14%"
"08.10.2019","58,24","58,47","58,92","57,38","274,74K","-0,19%"
"07.10.2019","58,35","58,02","59,68","58,02","228,41K","-0,03%"
"04.10.2019","58,37","57,69","58,96","57,67","299,92K","1,14%"
"03.10.2019","57,71","57,54","57,99","56,15","336,90K","0,03%"
"02.10.2019","57,69","59,25","59,50","57,22","307,91K","-2,04%"
"01.10.2019","58,89","59,38","60,10","58,41","291,67K","-3,11%"
"30.09.2019","60,78","62,24","62,24","60,73","22,01K","-1,83%"
"27.09.2019","61,91","62,48","62,75","60,76","97,33K","-1,32%"
"26.09.2019","62,74","62,58","62,92","61,45","115,57K","0,56%"
"25.09.2019","62,39","62,44","62,81","61,23","201,47K","-1,13%"
"24.09.2019","63,10","64,40","64,60","62,30","216,28K","-2,58%"
"23.09.2019","64,77","65,23","65,50","63,53","204,78K","0,76%"
"20.09.2019","64,28","65,00","65,28","64,05","224,88K","-0,19%"
"19.09.2019","64,40","63,51","65,57","63,46","258,85K","1,26%"
"18.09.2019","63,60","64,23","64,99","63,04","295,05K","-1,47%"
"17.09.2019","64,55","68,15","69,26","63,55","620,49K","-6,48%"
"16.09.2019","69,02","66,45","71,95","64,75","735,54K","14,61%"
"13.09.2019","60,22","60,45","60,81","59,60","195,83K","-0,26%"
"12.09.2019","60,38","61,16","61,39","58,92","358,09K","-0,71%"
"11.09.2019","60,81","62,88","63,27","60,52","315,12K","-2,52%"
"10.09.2019","62,38","62,82","63,78","62,17","267,55K","-0,34%"
"09.09.2019","62,59","61,60","63,00","61,57","249,71K","1,71%"
"06.09.2019","61,54","60,81","61,88","59,40","287,36K","0,97%"
"05.09.2019","60,95","60,49","62,40","60,25","292,06K","0,41%"
"04.09.2019","60,70","58,17","60,96","58,13","283,10K","4,19%"
"03.09.2019","58,26","58,54","58,87","57,23","265,12K","-0,68%"
"02.09.2019","58,66","58,80","59,26","58,10","121,64K","-2,93%"
"30.08.2019","60,43","60,98","61,17","60,25","25,14K","-1,06%"
"29.08.2019","61,08","60,48","61,19","59,98","131,09K","0,98%"
"28.08.2019","60,49","60,04","61,00","59,80","134,26K","1,65%"
"27.08.2019","59,51","58,80","60,17","58,51","218,37K","1,38%"
"26.08.2019","58,70","58,35","60,17","58,24","183,30K","-1,08%"
"23.08.2019","59,34","60,11","60,29","58,30","321,24K","-0,97%"
"22.08.2019","59,92","60,43","60,89","59,47","276,11K","-0,63%"
"21.08.2019","60,30","60,11","61,41","60,07","269,68K","0,45%"
"20.08.2019","60,03","59,68","60,32","58,95","245,25K","0,49%"
"19.08.2019","59,74","58,72","59,92","58,64","211,45K","1,88%"
"16.08.2019","58,64","58,41","59,50","58,28","209,43K","0,70%"
"15.08.2019","58,23","59,07","59,42","57,67","298,67K","-2,10%"
"14.08.2019","59,48","61,07","61,08","58,21","320,43K","-2,97%"
"13.08.2019","61,30","58,47","61,50","58,00","338,08K","4,66%"
"12.08.2019","58,57","58,30","58,88","57,88","221,35K","0,07%"
"09.08.2019","58,53","57,74","59,10","57,11","281,80K","2,00%"
"08.08.2019","57,38","57,48","58,01","56,77","299,69K","2,05%"
"07.08.2019","56,23","58,68","59,23","55,88","485,19K","-4,60%"
"06.08.2019","58,94","59,56","60,56","58,55","328,15K","-1,45%"
"05.08.2019","59,81","61,46","61,56","59,66","378,86K","-3,36%"
"02.08.2019","61,89","61,16","62,95","60,98","364,14K","2,30%"
"01.08.2019","60,50","64,09","64,54","60,02","433,72K","-7,17%"
"31.07.2019","65,17","64,95","65,42","64,95","18,76K","0,70%"
"30.07.2019","64,72","63,91","65,14","63,90","86,10K","1,59%"
"29.07.2019","63,71","63,32","63,90","62,92","101,70K","0,39%"
"26.07.2019","63,46","63,28","63,96","63,01","159,86K","0,11%"
"25.07.2019","63,39","63,21","64,23","63,01","169,84K","0,33%"
"24.07.2019","63,18","64,13","64,66","62,59","301,51K","-1,02%"
"23.07.2019","63,83","63,26","64,46","62,66","272,73K","0,90%"
"22.07.2019","63,26","63,05","64,03","62,77","267,78K","1,26%"
"19.07.2019","62,47","62,50","63,37","61,83","298,98K","0,87%"
"18.07.2019","61,93","63,52","64,46","61,29","374,89K","-2,72%"
"17.07.2019","63,66","64,44","65,28","63,22","274,93K","-1,07%"
"16.07.2019","64,35","66,31","67,09","63,82","356,74K","-3,20%"
"15.07.2019","66,48","66,87","67,47","66,11","283,09K","-0,36%"
"12.07.2019","66,72","66,83","67,29","66,51","244,70K","0,30%"
"11.07.2019","66,52","66,81","67,65","66,43","283,02K","-0,73%"
"10.07.2019","67,01","64,78","67,12","64,63","349,51K","4,44%"
"09.07.2019","64,16","63,81","64,75","63,76","263,89K","0,08%"
"08.07.2019","64,11","64,34","65,14","63,79","253,82K","-0,19%"
"05.07.2019","64,23","63,27","64,52","62,91","203,54K","1,47%"
"04.07.2019","63,30","63,88","64,07","62,95","114,98K","-0,81%"
"03.07.2019","63,82","62,90","64,01","62,09","282,11K","2,28%"
"02.07.2019","62,40","64,80","65,51","62,22","386,94K","-4,09%"
"01.07.2019","65,06","65,05","66,75","64,22","361,41K","-2,24%"
"28.06.2019","66,55","66,51","66,84","66,08","34,62K","0,00%"
"27.06.2019","66,55","66,05","66,82","65,63","103,16K","0,09%"
"26.06.2019","66,49","65,80","66,85","65,60","141,95K","2,21%"
"25.06.2019","65,05","64,89","65,98","64,17","205,80K","0,29%"
"24.06.2019","64,86","65,50","65,79","64,08","217,44K","-0,52%"
"21.06.2019","65,20","64,86","65,76","64,00","257,92K","1,16%"
"20.06.2019","64,45","62,45","64,82","62,40","394,17K","4,25%"
"19.06.2019","61,82","62,40","62,55","61,40","320,06K","-0,51%"
"18.06.2019","62,14","60,93","62,84","60,25","327,70K","1,97%"
"17.06.2019","60,94","62,07","62,37","60,74","236,16K","-1,73%"
"14.06.2019","62,01","61,25","62,57","60,74","262,31K","1,14%"
"13.06.2019","61,31","59,94","62,64","59,78","435,42K","2,23%"
"12.06.2019","59,97","61,79","61,85","59,57","343,21K","-3,72%"
"11.06.2019","62,29","62,30","62,87","62,01","302,74K","0,00%"
"10.06.2019","62,29","63,58","64,10","62,05","278,49K","-1,58%"
"07.06.2019","63,29","62,40","63,59","61,77","307,96K","2,63%"
"06.06.2019","61,67","60,40","62,43","60,22","343,64K","1,72%"
"05.06.2019","60,63","61,58","62,27","59,45","428,01K","-2,16%"
"04.06.2019","61,97","61,00","62,12","60,21","370,27K","1,13%"
"03.06.2019","61,28","61,64","62,84","60,55","386,56K","-4,98%"
"31.05.2019","64,49","66,24","66,28","64,37","21,75K","-3,56%"
"30.05.2019","66,87","69,68","69,96","66,31","105,27K","-3,71%"
"29.05.2019","69,45","70,10","70,10","68,08","148,48K","-0,94%"
"28.05.2019","70,11","69,99","70,59","69,58","238,88K","0,00%"
"27.05.2019","70,11","69,15","70,23","68,53","72,18K","2,07%"
"24.05.2019","68,69","67,99","69,30","67,33","292,09K","1,37%"
"23.05.2019","67,76","70,86","70,97","67,02","434,54K","-4,55%"
"22.05.2019","70,99","71,91","72,04","70,42","371,52K","-1,65%"
"21.05.2019","72,18","72,15","72,52","71,63","303,74K","0,29%"
"20.05.2019","71,97","72,50","73,40","71,60","301,98K","-0,33%"
"17.05.2019","72,21","72,82","73,23","71,79","255,53K","-0,56%"
"16.05.2019","72,62","72,05","73,36","71,82","326,44K","1,18%"
"15.05.2019","71,77","70,90","72,25","70,42","272,44K","0,74%"
"14.05.2019","71,24","70,02","71,65","69,93","299,77K","1,44%"
"13.05.2019","70,23","70,83","72,58","69,72","373,47K","-0,55%"
"10.05.2019","70,62","70,45","71,23","70,18","300,46K","0,33%"
"09.05.2019","70,39","70,23","70,65","69,40","328,74K","0,03%"
"08.05.2019","70,37","69,88","70,70","69,33","295,44K","0,70%"
"07.05.2019","69,88","71,15","71,33","69,38","332,07K","-1,91%"
"06.05.2019","71,24","70,59","71,79","68,79","227,02K","0,55%"
"03.05.2019","70,85","70,48","71,54","69,95","249,81K","0,14%"
"02.05.2019","70,75","72,00","72,22","69,68","346,63K","-1,98%"
"01.05.2019","72,18","71,73","72,36","71,30","230,80K","-0,85%"
"30.04.2019","72,80","71,94","73,27","71,73","25,34K","1,05%"
"29.04.2019","72,04","71,56","72,50","71,06","147,41K","-0,15%"
"26.04.2019","72,15","74,20","74,42","71,30","222,89K","-2,96%"
"25.04.2019","74,35","74,46","75,60","74,00","309,21K","-0,30%"
"24.04.2019","74,57","74,27","74,73","74,02","276,67K","0,08%"
"23.04.2019","74,51","74,38","74,73","73,99","308,99K","0,63%"
"22.04.2019","74,04","71,93","74,52","71,86","305,17K","2,88%"
"18.04.2019","71,97","71,63","72,04","71,20","259,04K","0,49%"
"17.04.2019","71,62","71,83","72,27","71,45","276,61K","-0,14%"
"16.04.2019","71,72","71,21","71,95","70,74","273,90K","0,76%"
"15.04.2019","71,18","71,55","71,60","70,78","219,15K","-0,52%"
"12.04.2019","71,55","70,95","71,87","70,90","237,22K","1,02%"
"11.04.2019","70,83","71,56","71,68","70,57","278,09K","-1,25%"
"10.04.2019","71,73","70,82","71,78","70,57","288,89K","1,59%"
"09.04.2019","70,61","71,19","71,34","70,30","267,49K","-0,69%"
"08.04.2019","71,10","70,56","71,19","70,43","288,13K","1,08%"
"05.04.2019","70,34","69,13","70,48","68,92","263,87K","1,35%"
"04.04.2019","69,40","69,44","70,03","68,87","281,88K","0,13%"
"03.04.2019","69,31","69,47","69,96","68,80","341,50K","-0,09%"
"02.04.2019","69,37","69,22","69,58","68,69","299,30K","0,52%"
"01.04.2019","69,01","67,58","69,22","67,58","320,77K","0,91%"
"29.03.2019","68,39","68,01","68,89","67,81","20,62K","0,84%"
"28.03.2019","67,82","67,75","68,00","66,54","131,64K","-0,01%"
"27.03.2019","67,83","67,90","68,35","67,19","148,15K","-0,21%"
"26.03.2019","67,97","67,36","68,23","67,24","197,54K","1,13%"
"25.03.2019","67,21","67,00","67,65","66,36","216,76K","0,27%"
"22.03.2019","67,03","67,76","67,98","66,20","284,52K","-1,22%"
"21.03.2019","67,86","68,38","68,69","67,59","303,23K","-0,93%"
"20.03.2019","68,50","67,66","68,57","67,19","235,49K","1,32%"
"19.03.2019","67,61","67,49","68,20","67,13","234,14K","0,10%"
"18.03.2019","67,54","67,14","67,69","66,69","208,53K","0,57%"
"15.03.2019","67,16","67,18","67,71","66,13","254,32K","-0,10%"
"14.03.2019","67,23","67,65","68,14","67,03","235,99K","-0,47%"
"13.03.2019","67,55","66,91","67,76","66,70","243,20K","1,32%"
"12.03.2019","66,67","66,70","67,39","66,34","252,13K","0,14%"
"11.03.2019","66,58","65,76","66,75","65,63","247,81K","1,28%"
"08.03.2019","65,74","66,08","66,09","64,02","316,39K","-0,84%"
"07.03.2019","66,30","65,88","67,00","65,75","276,24K","0,47%"
"06.03.2019","65,99","65,49","66,18","65,22","283,20K","0,20%"
"05.03.2019","65,86","65,46","66,23","65,04","216,39K","0,29%"
"04.03.2019","65,67","64,97","66,34","64,93","233,54K","0,92%"
"01.03.2019","65,07","66,48","67,14","64,59","297,19K","-1,45%"
"28.02.2019","66,03","66,38","66,38","65,67","19,67K","-0,54%"
"27.02.2019","66,39","65,64","66,70","65,27","102,14K","1,81%"
"26.02.2019","65,21","64,79","65,74","64,32","127,60K","0,69%"
"25.02.2019","64,76","66,97","67,47","64,54","220,94K","-3,52%"
"22.02.2019","67,12","66,96","67,73","66,87","177,62K","0,07%"
"21.02.2019","67,07","67,05","67,31","66,69","245,86K","-0,01%"
"20.02.2019","67,08","66,30","67,38","65,63","276,48K","0,95%"
"19.02.2019","66,45","66,44","66,65","65,58","246,65K","-0,08%"
"18.02.2019","66,50","66,39","66,83","65,90","175,24K","0,38%"
"15.02.2019","66,25","64,86","66,39","64,42","290,55K","2,60%"
"14.02.2019","64,57","63,69","64,81","63,25","287,45K","1,51%"
"13.02.2019","63,61","62,70","63,98","62,69","269,68K","1,91%"
"12.02.2019","62,42","61,59","63,34","61,59","278,80K","1,48%"
"11.02.2019","61,51","62,11","62,34","60,90","280,96K","-0,95%"
"08.02.2019","62,10","61,66","62,36","61,04","254,95K","0,76%"
"07.02.2019","61,63","62,50","62,91","60,60","286,17K","-1,69%"
"06.02.2019","62,69","62,06","62,80","61,05","225,57K","1,15%"
"05.02.2019","61,98","62,64","63,02","61,72","215,36K","-0,85%"
"04.02.2019","62,51","62,83","63,63","61,28","297,43K","-0,38%"
"01.02.2019","62,75","61,06","62,97","60,46","267,22K","1,39%"
"31.01.2019","61,89","61,97","62,32","61,57","20,63K","0,39%"
"30.01.2019","61,65","61,26","62,67","61,04","90,93K","0,54%"
"29.01.2019","61,32","59,87","61,79","59,75","142,13K","2,32%"
"28.01.2019","59,93","61,49","61,69","59,49","214,19K","-2,77%"
"25.01.2019","61,64","61,13","61,92","60,70","218,03K","0,90%"
"24.01.2019","61,09","61,02","61,51","60,41","274,48K","-0,08%"
"23.01.2019","61,14","61,37","62,33","60,21","308,46K","-0,59%"
"22.01.2019","61,50","62,59","62,71","60,57","283,22K","-1,98%"
"21.01.2019","62,74","62,74","63,15","62,25","138,08K","0,06%"
"18.01.2019","62,70","61,33","63,00","61,32","288,91K","2,48%"
"17.01.2019","61,18","61,05","61,54","60,04","278,42K","-0,23%"
"16.01.2019","61,32","60,42","61,45","60,03","315,59K","1,12%"
"15.01.2019","60,64","59,36","60,86","59,11","234,36K","2,80%"
"14.01.2019","58,99","60,62","61,04","58,90","263,28K","-2,46%"
"11.01.2019","60,48","61,19","62,49","60,08","292,79K","-1,95%"
"10.01.2019","61,68","61,15","61,91","60,44","300,92K","0,39%"
"09.01.2019","61,44","59,15","61,69","59,05","329,05K","4,63%"
"08.01.2019","58,72","57,64","58,87","57,13","288,25K","2,42%"
"07.01.2019","57,33","57,41","58,93","57,26","296,58K","0,47%"
"04.01.2019","57,06","55,67","58,31","55,34","321,11K","1,98%"
"03.01.2019","55,95","54,29","56,30","53,93","278,36K","1,89%"
"02.01.2019","54,91","54,12","56,56","52,51","300,95K","2,06%"
"31.12.2018","53,80","53,00","54,82","52,66","109,11K","3,07%"
"28.12.2018","52,20","53,44","53,80","51,60","17,11K","0,08%"
"27.12.2018","52,16","54,65","54,67","51,94","102,59K","-4,24%"
"26.12.2018","54,47","50,84","55,29","49,93","77,00K","7,93%"
"24.12.2018","50,47","53,49","54,66","50,36","76,22K","-6,22%"
"21.12.2018","53,82","54,97","55,33","52,79","226,34K","-0,98%"
"20.12.2018","54,35","56,49","56,75","54,28","299,45K","-5,05%"
"19.12.2018","57,24","56,51","58,11","56,04","319,37K","1,74%"
"18.12.2018","56,26","59,00","59,24","55,89","398,56K","-5,62%"
"17.12.2018","59,61","60,25","61,21","58,64","246,03K","-1,11%"
"14.12.2018","60,28","61,53","61,58","59,92","206,56K","-1,90%"
"13.12.2018","61,45","60,29","62,02","59,33","252,40K","2,16%"
"12.12.2018","60,15","60,67","61,43","59,98","246,92K","-0,08%"
"11.12.2018","60,20","59,91","61,10","59,58","235,33K","0,38%"
"10.12.2018","59,97","61,34","62,33","59,61","264,95K","-2,76%"
"07.12.2018","61,67","60,25","63,73","59,10","423,08K","2,68%"
"06.12.2018","60,06","61,36","61,97","58,36","399,99K","-2,44%"
"05.12.2018","61,56","61,35","63,29","60,80","256,24K","-0,84%"
"04.12.2018","62,08","61,90","63,58","61,24","277,42K","0,63%"
"03.12.2018","61,69","59,98","62,60","59,85","294,77K","5,08%"
"30.11.2018","58,71","59,28","59,93","58,25","27,02K","-1,34%"
"29.11.2018","59,51","59,12","60,37","57,50","94,57K","1,28%"
"28.11.2018","58,76","60,63","61,27","58,55","150,81K","-2,41%"
"27.11.2018","60,21","60,39","61,40","58,92","271,17K","-0,45%"
"26.11.2018","60,48","58,98","61,13","58,60","267,38K","2,86%"
"23.11.2018","58,80","62,58","62,79","58,41","279,67K","-6,07%"
"22.11.2018","62,60","63,60","63,81","62,27","164,11K","-1,39%"
"21.11.2018","63,48","62,60","64,48","62,56","334,98K","1,52%"
"20.11.2018","62,53","66,90","66,90","61,71","417,01K","-6,38%"
"19.11.2018","66,79","66,99","67,64","65,27","262,55K","0,04%"
"16.11.2018","66,76","66,68","68,38","66,06","327,72K","0,21%"
"15.11.2018","66,62","66,12","67,42","65,77","316,04K","0,76%"
"14.11.2018","66,12","65,62","67,63","65,02","379,72K","0,99%"
"13.11.2018","65,47","69,13","69,68","64,61","445,04K","-6,63%"
"12.11.2018","70,12","70,69","71,88","68,87","319,23K","-0,09%"
"09.11.2018","70,18","70,87","70,99","69,13","292,21K","-0,67%"
"08.11.2018","70,65","72,10","73,08","70,56","350,47K","-1,97%"
"07.11.2018","72,07","71,66","73,55","71,36","361,36K","-0,08%"
"06.11.2018","72,13","72,85","73,28","71,18","290,88K","-1,42%"
"05.11.2018","73,17","72,85","74,13","72,26","231,14K","0,47%"
"02.11.2018","72,83","72,75","73,50","72,16","312,87K","-0,08%"
"01.11.2018","72,89","74,69","74,99","72,56","360,16K","-3,42%"
"31.10.2018","75,47","76,28","76,92","75,42","34,70K","-0,58%"
"30.10.2018","75,91","76,82","77,32","75,09","115,19K","-1,85%"
"29.10.2018","77,34","77,64","78,03","76,55","117,94K","-0,36%"
"26.10.2018","77,62","76,60","77,91","75,77","229,75K","0,95%"
"25.10.2018","76,89","75,67","77,08","75,35","215,24K","0,95%"
"24.10.2018","76,17","76,35","77,57","75,11","366,65K","-0,35%"
"23.10.2018","76,44","80,04","80,12","75,88","513,72K","-4,25%"
"22.10.2018","79,83","80,11","80,41","78,99","269,91K","0,06%"
"19.10.2018","79,78","79,44","80,88","79,22","291,07K","0,62%"
"18.10.2018","79,29","80,23","80,31","78,69","359,01K","-0,95%"
"17.10.2018","80,05","81,74","81,85","79,17","336,60K","-1,67%"
"16.10.2018","81,41","80,88","81,75","79,80","329,33K","0,78%"
"15.10.2018","80,78","81,00","81,92","79,85","284,65K","0,44%"
"12.10.2018","80,43","80,28","81,48","79,23","373,09K","0,21%"
"11.10.2018","80,26","82,47","82,63","79,80","482,51K","-3,41%"
"10.10.2018","83,09","84,98","85,17","82,26","319,09K","-2,25%"
"09.10.2018","85,00","83,91","85,45","83,73","351,40K","1,30%"
"08.10.2018","83,91","84,17","84,31","82,66","290,09K","-0,30%"
"05.10.2018","84,16","84,89","85,12","83,92","300,62K","-0,50%"
"04.10.2018","84,58","85,99","86,43","84,14","361,25K","-1,98%"
"03.10.2018","86,29","84,79","86,74","84,01","345,22K","1,76%"
"02.10.2018","84,80","84,95","85,38","84,31","268,61K","-0,21%"
"01.10.2018","84,98","82,79","85,45","82,55","347,53K","2,73%"
"28.09.2018","82,72","81,63","82,87","81,60","19,68K","1,22%"
"27.09.2018","81,72","81,80","82,44","81,32","124,00K","0,47%"
"26.09.2018","81,34","81,45","82,22","81,10","130,53K","-0,65%"
"25.09.2018","81,87","81,35","82,55","81,17","240,40K","0,83%"
"24.09.2018","81,20","78,97","81,48","78,97","243,31K","3,05%"
"21.09.2018","78,80","78,67","80,12","78,23","297,57K","0,13%"
"20.09.2018","78,70","79,44","79,83","78,51","300,16K","-0,88%"
"19.09.2018","79,40","78,97","79,50","78,51","275,87K","0,47%"
"18.09.2018","79,03","77,78","79,73","77,46","259,18K","1,26%"
"17.09.2018","78,05","78,07","78,90","77,73","207,61K","-0,05%"
"14.09.2018","78,09","78,45","78,94","77,37","261,06K","-0,12%"
"13.09.2018","78,18","79,60","79,71","77,87","298,14K","-1,96%"
"12.09.2018","79,74","79,42","80,13","78,75","315,27K","0,86%"
"11.09.2018","79,06","77,38","79,54","77,36","280,31K","2,18%"
"10.09.2018","77,37","77,08","77,92","76,90","244,53K","0,70%"
"07.09.2018","76,83","76,69","77,10","75,88","209,00K","0,43%"
"06.09.2018","76,50","77,02","77,77","75,64","274,79K","-1,00%"
"05.09.2018","77,27","77,82","78,09","76,91","277,12K","-1,15%"
"04.09.2018","78,17","78,19","79,72","77,44","320,45K","0,03%"
"03.09.2018","78,15","77,69","78,44","77,30","110,91K","0,94%"
"31.08.2018","77,42","77,53","77,79","77,00","25,83K","-0,45%"
"30.08.2018","77,77","77,33","78,03","77,18","90,22K","0,82%"
"29.08.2018","77,14","75,99","77,42","75,67","130,44K","1,57%"
"28.08.2018","75,95","76,34","76,97","75,73","179,66K","-0,34%"
"27.08.2018","76,21","75,54","76,34","75,39","101,08K","0,51%"
"24.08.2018","75,82","74,73","76,42","74,68","235,09K","1,46%"
"23.08.2018","74,73","74,72","74,87","74,21","199,66K","-0,07%"
"22.08.2018","74,78","72,76","75,00","72,70","300,69K","2,96%"
"21.08.2018","72,63","72,15","72,95","72,05","201,24K","0,58%"
"20.08.2018","72,21","71,77","72,75","71,42","249,10K","0,53%"
"17.08.2018","71,83","71,35","72,49","71,25","217,16K","0,56%"
"16.08.2018","71,43","70,65","71,52","70,40","227,20K","0,95%"
"15.08.2018","70,76","72,22","72,44","70,30","298,11K","-2,35%"
"14.08.2018","72,46","72,82","73,93","72,16","242,75K","-0,21%"
"13.08.2018","72,61","73,00","73,09","71,04","220,34K","-0,27%"
"10.08.2018","72,81","71,97","73,14","71,40","228,74K","1,03%"
"09.08.2018","72,07","72,16","72,89","71,86","197,06K","-0,29%"
"08.08.2018","72,28","74,64","74,87","71,65","269,51K","-3,17%"
"07.08.2018","74,65","73,61","74,90","73,57","228,99K","1,22%"
"06.08.2018","73,75","73,21","74,47","73,08","200,58K","0,74%"
"03.08.2018","73,21","73,37","73,73","72,48","175,36K","-0,33%"
"02.08.2018","73,45","72,42","73,75","71,84","226,45K","1,46%"
"01.08.2018","72,39","74,07","74,12","72,13","284,02K","-2,51%"
"31.07.2018","74,25","74,93","75,10","74,14","21,88K","-0,96%"
"30.07.2018","74,97","74,31","75,27","74,14","81,03K","0,92%"
"27.07.2018","74,29","74,50","74,85","73,83","119,34K","-0,34%"
"26.07.2018","74,54","74,37","74,83","73,77","183,35K","0,83%"
"25.07.2018","73,93","73,70","74,60","73,07","210,87K","0,67%"
"24.07.2018","73,44","72,91","74,00","72,68","215,15K","0,52%"
"23.07.2018","73,06","73,22","74,50","72,52","316,98K","-0,01%"
"20.07.2018","73,07","72,65","73,47","72,26","231,51K","0,68%"
"19.07.2018","72,58","73,06","73,79","71,83","313,81K","-0,44%"
"18.07.2018","72,90","71,74","73,28","71,19","287,11K","1,03%"
"17.07.2018","72,16","72,01","72,78","71,35","286,44K","0,45%"
"16.07.2018","71,84","74,92","75,37","71,52","330,00K","-4,63%"
"13.07.2018","75,33","74,34","75,93","73,22","302,43K","1,18%"
"12.07.2018","74,45","74,17","75,10","72,67","416,41K","1,43%"
"11.07.2018","73,40","78,78","78,83","73,04","560,84K","-6,92%"
"10.07.2018","78,86","78,25","79,51","78,15","261,55K","1,01%"
"09.07.2018","78,07","77,21","78,31","77,04","212,19K","1,24%"
"06.07.2018","77,11","77,57","77,68","76,36","315,28K","-0,36%"
"05.07.2018","77,39","78,14","78,50","77,30","254,02K","-1,09%"
"04.07.2018","78,24","77,89","78,28","77,61","97,25K","0,62%"
"03.07.2018","77,76","77,40","78,55","76,67","273,46K","0,60%"
"02.07.2018","77,30","78,55","78,95","77,16","265,38K","-2,69%"
"29.06.2018","79,44","77,79","79,70","77,45","17,12K","2,04%"
"28.06.2018","77,85","77,50","78,42","77,09","144,22K","0,30%"
"27.06.2018","77,62","76,54","78,16","76,28","166,19K","1,72%"
"26.06.2018","76,31","74,74","76,72","74,13","289,47K","2,11%"
"25.06.2018","74,73","74,80","75,13","73,74","274,38K","-1,09%"
"22.06.2018","75,55","73,24","75,83","73,24","377,39K","3,42%"
"21.06.2018","73,05","74,46","74,69","72,93","411,81K","-2,26%"
"20.06.2018","74,74","75,20","75,86","74,10","368,84K","-0,45%"
"19.06.2018","75,08","75,24","75,55","74,45","290,59K","-0,35%"
"18.06.2018","75,34","73,06","75,49","72,45","316,12K","2,59%"
"15.06.2018","73,44","75,98","76,06","73,00","285,80K","-3,29%"
"14.06.2018","75,94","76,56","76,92","75,76","279,21K","-1,04%"
"13.06.2018","76,74","75,40","76,87","75,26","292,47K","1,13%"
"12.06.2018","75,88","76,50","77,07","75,43","260,33K","-0,76%"
"11.06.2018","76,46","76,30","76,84","75,52","231,28K","0,00%"
"08.06.2018","76,46","77,39","77,61","76,12","251,83K","-1,11%"
"07.06.2018","77,32","75,88","77,45","75,44","327,98K","2,60%"
"06.06.2018","75,36","75,19","76,25","74,46","365,65K","-0,03%"
"05.06.2018","75,38","75,40","75,74","73,81","400,85K","0,12%"
"04.06.2018","75,29","76,66","76,95","75,20","324,29K","-1,95%"
"01.06.2018","76,79","77,71","77,95","76,35","296,57K","-1,03%"
"31.05.2018","77,59","77,37","78,75","77,04","21,44K","0,12%"
"30.05.2018","77,50","75,37","77,73","74,81","125,33K","2,80%"
"29.05.2018","75,39","75,82","76,20","74,54","114,46K","0,12%"
"28.05.2018","75,30","76,11","76,17","74,49","65,10K","-1,49%"
"25.05.2018","76,44","78,82","78,88","76,01","275,72K","-2,98%"
"24.05.2018","78,79","79,65","79,78","78,57","228,58K","-1,27%"
"23.05.2018","79,80","79,47","79,85","78,21","292,97K","0,29%"
"22.05.2018","79,57","79,36","80,49","79,16","305,31K","0,44%"
"21.05.2018","79,22","78,61","79,59","78,10","245,77K","0,90%"
"18.05.2018","78,51","79,46","79,87","78,33","277,28K","-1,00%"
"17.05.2018","79,30","79,26","80,50","79,12","330,17K","0,03%"
"16.05.2018","79,28","78,10","79,35","77,61","336,57K","1,08%"
"15.05.2018","78,43","78,42","79,47","77,90","390,92K","0,26%"
"14.05.2018","78,23","77,05","78,53","76,55","290,13K","1,44%"
"11.05.2018","77,12","77,55","77,60","76,95","261,80K","-0,45%"
"10.05.2018","77,47","77,44","78,00","76,51","314,19K","0,34%"
"09.05.2018","77,21","76,19","77,43","76,08","364,75K","3,15%"
"08.05.2018","74,85","75,60","76,18","73,10","519,80K","-1,73%"
"07.05.2018","76,17","75,00","76,34","74,83","230,47K","1,74%"
"04.05.2018","74,87","73,74","75,08","73,24","289,86K","1,70%"
"03.05.2018","73,62","73,07","74,09","72,47","382,14K","0,35%"
"02.05.2018","73,36","73,28","73,63","72,38","347,06K","0,31%"
"01.05.2018","73,13","74,65","74,98","72,74","360,97K","-2,71%"
"30.04.2018","75,17","74,62","75,41","73,47","24,76K","0,71%"
"27.04.2018","74,64","74,72","75,03","74,35","156,53K","-0,13%"
"26.04.2018","74,74","74,23","74,97","74,11","179,48K","1,00%"
"25.04.2018","74,00","74,00","74,19","73,17","275,13K","0,19%"
"24.04.2018","73,86","75,09","75,47","73,68","330,60K","-1,14%"
"23.04.2018","74,71","73,77","75,10","73,13","317,45K","0,88%"
"20.04.2018","74,06","73,94","74,20","72,83","371,90K","0,38%"
"19.04.2018","73,78","73,72","74,75","73,46","393,96K","0,41%"
"18.04.2018","73,48","71,72","73,93","71,66","352,65K","2,65%"
"17.04.2018","71,58","71,65","71,89","70,83","315,04K","0,22%"
"16.04.2018","71,42","72,70","72,85","71,11","297,44K","-1,60%"
"13.04.2018","72,58","71,94","72,88","71,56","328,50K","0,78%"
"12.04.2018","72,02","72,09","72,49","71,10","330,21K","-0,06%"
"11.04.2018","72,06","71,03","73,09","70,57","495,41K","1,44%"
"10.04.2018","71,04","68,46","71,34","68,46","452,34K","3,48%"
"09.04.2018","68,65","67,10","68,80","67,00","257,50K","2,29%"
"06.04.2018","67,11","68,09","68,62","66,86","296,09K","-1,79%"
"05.04.2018","68,33","68,36","68,93","67,73","270,82K","0,46%"
"04.04.2018","68,02","68,15","68,28","66,69","361,48K","-0,15%"
"03.04.2018","68,12","67,63","68,46","67,62","232,26K","0,71%"
"02.04.2018","67,64","69,32","70,04","67,49","190,05K","-3,74%"
"29.03.2018","70,27","69,86","70,44","69,10","25,29K","1,06%"
"28.03.2018","69,53","69,72","70,25","68,78","141,89K","-0,83%"
"27.03.2018","70,11","70,13","71,03","69,45","131,39K","-0,01%"
"26.03.2018","70,12","70,43","71,05","69,67","183,69K","-0,47%"
"23.03.2018","70,45","69,11","70,57","68,87","283,01K","2,23%"
"22.03.2018","68,91","69,63","69,70","68,58","286,63K","-0,81%"
"21.03.2018","69,47","67,61","69,86","67,48","401,05K","3,04%"
"20.03.2018","67,42","66,15","67,88","66,15","326,47K","2,07%"
"19.03.2018","66,05","66,01","66,39","65,39","272,42K","-0,24%"
"16.03.2018","66,21","65,07","66,42","64,88","264,21K","1,67%"
"15.03.2018","65,12","64,90","65,38","64,61","208,59K","0,35%"
"14.03.2018","64,89","64,73","65,21","64,06","267,59K","0,39%"
"13.03.2018","64,64","64,92","65,68","64,05","320,57K","-0,48%"
"12.03.2018","64,95","65,50","65,86","64,18","240,03K","-0,82%"
"09.03.2018","65,49","63,93","65,63","63,69","286,49K","2,96%"
"08.03.2018","63,61","64,51","64,56","63,43","294,79K","-1,13%"
"07.03.2018","64,34","65,23","65,80","63,83","332,91K","-2,20%"
"06.03.2018","65,79","65,74","66,16","65,30","199,79K","0,38%"
"05.03.2018","65,54","64,65","65,88","64,10","261,06K","1,82%"
"02.03.2018","64,37","64,07","64,64","63,20","266,38K","0,85%"
"01.03.2018","63,83","64,57","65,04","63,19","340,97K","-2,96%"
"28.02.2018","65,78","66,41","66,87","65,43","27,39K","-1,28%"
"27.02.2018","66,63","67,57","67,61","66,32","106,34K","-1,29%"
"26.02.2018","67,50","67,29","67,90","66,72","188,30K","0,28%"
"23.02.2018","67,31","66,30","67,37","65,79","201,72K","1,39%"
"22.02.2018","66,39","64,91","66,56","64,62","253,00K","1,48%"
"21.02.2018","65,42","65,05","65,53","64,40","245,87K","0,26%"
"20.02.2018","65,25","65,64","65,81","64,78","289,17K","-0,64%"
"19.02.2018","65,67","64,96","65,90","64,84","125,63K","1,28%"
"16.02.2018","64,84","64,66","65,22","64,19","239,58K","0,79%"
"15.02.2018","64,33","64,44","65,15","63,12","292,91K","-0,05%"
"14.02.2018","64,36","62,84","64,58","61,95","349,10K","2,61%"
"13.02.2018","62,72","62,85","63,10","61,76","367,26K","0,21%"
"12.02.2018","62,59","62,50","64,40","62,50","349,67K","-0,32%"
"09.02.2018","62,79","64,44","64,64","61,77","399,50K","-3,12%"
"08.02.2018","64,81","65,28","65,60","64,10","346,32K","-1,07%"
"07.02.2018","65,51","67,20","67,72","65,16","567,76K","-2,02%"
"06.02.2018","66,86","67,02","67,60","66,53","328,85K","-1,12%"
"05.02.2018","67,62","68,15","68,46","66,90","335,64K","-1,40%"
"02.02.2018","68,58","70,00","70,02","67,96","307,13K","-1,54%"
"01.02.2018","69,65","69,00","69,97","68,81","336,92K","0,87%"
"31.01.2018","69,05","68,43","69,15","68,33","20,43K","0,04%"
"30.01.2018","69,02","69,30","69,39","68,40","135,87K","-0,63%"
"29.01.2018","69,46","70,47","70,64","69,07","202,24K","-1,50%"
"26.01.2018","70,52","70,07","70,83","70,05","227,60K","0,14%"
"25.01.2018","70,42","70,95","71,28","69,97","301,93K","-0,16%"
"24.01.2018","70,53","69,97","70,94","69,54","308,37K","0,81%"
"23.01.2018","69,96","69,17","70,24","69,12","343,73K","1,35%"
"22.01.2018","69,03","68,80","69,51","68,39","250,60K","0,61%"
"19.01.2018","68,61","69,01","69,08","68,28","278,36K","-1,01%"
"18.01.2018","69,31","69,53","69,63","68,80","270,23K","-0,10%"
"17.01.2018","69,38","69,35","69,59","68,55","280,42K","0,33%"
"16.01.2018","69,15","70,05","70,13","68,83","322,95K","-1,58%"
"15.01.2018","70,26","69,88","70,37","69,55","173,46K","0,56%"
"12.01.2018","69,87","69,15","69,93","68,59","302,10K","0,88%"
"11.01.2018","69,26","69,15","70,05","69,00","341,94K","0,09%"
"10.01.2018","69,20","69,12","69,37","68,75","290,54K","0,55%"
"09.01.2018","68,82","68,00","69,29","67,70","319,92K","1,53%"
"08.01.2018","67,78","67,80","67,99","67,44","210,35K","0,24%"
"05.01.2018","67,62","67,97","68,11","67,26","183,45K","-0,66%"
"04.01.2018","68,07","67,89","68,27","67,62","246,15K","0,34%"
"03.01.2018","67,84","66,54","68,03","66,40","260,86K","1,91%"
"02.01.2018","66,57","66,55","67,29","66,24","211,74K","-0,45%"
"29.12.2017","66,87","66,15","66,98","66,15","157,95K","0,22%"
"28.12.2017","66,72","66,43","66,85","66,23","35,09K","0,42%"
"27.12.2017","66,44","66,76","66,94","66,03","122,43K","-0,87%"
"26.12.2017","67,02","65,20","67,10","65,00","74,25K","2,71%"
"22.12.2017","65,25","64,63","65,28","64,38","110,42K","0,54%"
"21.12.2017","64,90","64,49","64,93","64,20","155,42K","0,53%"
"20.12.2017","64,56","63,83","64,60","63,67","222,73K","1,19%"
"19.12.2017","63,80","63,41","63,91","63,30","213,19K","0,62%"
"18.12.2017","63,41","63,36","63,91","63,00","234,62K","0,28%"
"15.12.2017","63,23","63,39","63,68","63,08","213,00K","-0,13%"
"14.12.2017","63,31","62,81","63,50","62,01","277,67K","1,39%"
"13.12.2017","62,44","63,80","64,32","62,36","354,37K","-1,42%"
"12.12.2017","63,34","64,66","65,83","63,07","508,99K","-2,09%"
"11.12.2017","64,69","63,29","64,93","62,99","488,01K","2,03%"
"08.12.2017","63,40","62,08","63,64","62,01","362,43K","1,93%"
"07.12.2017","62,20","61,30","62,26","61,15","238,96K","1,60%"
"06.12.2017","61,22","62,64","62,93","61,13","314,26K","-2,61%"
"05.12.2017","62,86","62,45","63,15","62,12","219,34K","0,66%"
"04.12.2017","62,45","63,50","63,68","62,31","250,52K","-2,01%"
"01.12.2017","63,73","62,74","64,32","62,59","308,15K","0,25%"
"30.11.2017","63,57","63,28","64,21","63,21","26,21K","0,73%"
"29.11.2017","63,11","63,30","64,07","62,50","178,20K","-0,79%"
"28.11.2017","63,61","63,78","63,89","63,10","186,93K","-0,36%"
"27.11.2017","63,84","63,80","63,99","63,10","249,09K","-0,03%"
"24.11.2017","63,86","63,35","63,95","63,28","152,70K","0,49%"
"23.11.2017","63,55","63,24","63,57","62,88","113,08K","0,36%"
"22.11.2017","63,32","62,78","63,43","62,62","322,87K","1,20%"
"21.11.2017","62,57","62,10","62,87","62,07","338,16K","0,56%"
"20.11.2017","62,22","62,80","62,80","61,44","283,48K","-0,80%"
"17.11.2017","62,72","61,41","62,92","61,08","356,74K","2,22%"
"16.11.2017","61,36","61,88","62,15","61,25","314,06K","-0,82%"
"15.11.2017","61,87","61,55","62,13","61,30","279,41K","-0,55%"
"14.11.2017","62,21","63,06","63,17","61,21","418,94K","-1,50%"
"13.11.2017","63,16","63,68","63,77","62,61","335,15K","-0,57%"
"10.11.2017","63,52","63,80","64,27","63,35","307,97K","-0,64%"
"09.11.2017","63,93","63,52","64,25","63,26","319,86K","0,69%"
"08.11.2017","63,49","63,69","64,64","62,95","418,07K","-0,31%"
"07.11.2017","63,69","64,12","64,65","63,50","389,46K","-0,90%"
"06.11.2017","64,27","62,27","64,44","62,08","356,99K","3,54%"
"03.11.2017","62,07","60,88","62,23","60,60","272,74K","2,39%"
"02.11.2017","60,62","60,50","60,86","60,02","289,30K","0,21%"
"01.11.2017","60,49","61,07","61,70","60,00","337,76K","-1,43%"
"31.10.2017","61,37","60,86","61,41","60,53","29,12K","0,77%"
"30.10.2017","60,90","60,66","61,00","60,14","168,54K","0,76%"
"27.10.2017","60,44","59,37","60,65","58,82","209,89K","1,92%"
"26.10.2017","59,30","58,42","59,55","58,05","232,28K","1,47%"
"25.10.2017","58,44","58,44","58,74","57,85","260,55K","0,19%"
"24.10.2017","58,33","57,41","58,57","57,04","334,68K","1,67%"
"23.10.2017","57,37","57,95","58,05","57,27","353,07K","-0,66%"
"20.10.2017","57,75","57,32","57,94","56,60","369,89K","0,91%"
"19.10.2017","57,23","58,24","58,30","57,02","430,67K","-1,58%"
"18.10.2017","58,15","58,16","58,54","57,74","329,33K","0,47%"
"17.10.2017","57,88","57,78","58,35","57,18","405,22K","0,10%"
"16.10.2017","57,82","57,28","58,47","57,12","341,78K","1,14%"
"13.10.2017","57,17","56,44","57,57","56,34","332,60K","1,64%"
"12.10.2017","56,25","56,74","56,83","55,88","339,53K","-1,21%"
"11.10.2017","56,94","56,56","57,09","56,14","310,14K","0,58%"
"10.10.2017","56,61","55,78","56,91","55,73","290,34K","1,47%"
"09.10.2017","55,79","55,50","55,98","55,06","301,15K","0,31%"
"06.10.2017","55,62","56,99","57,28","55,13","395,65K","-2,42%"
"05.10.2017","57,00","55,77","57,24","55,70","379,30K","2,15%"
"04.10.2017","55,80","55,67","56,20","55,38","330,85K","-0,36%"
"03.10.2017","56,00","56,10","56,40","55,70","275,42K","-0,21%"
"02.10.2017","56,12","56,73","56,76","55,50","352,05K","-2,47%"
"29.09.2017","57,54","57,60","57,80","57,14","24,02K","0,23%"
"28.09.2017","57,41","57,70","58,65","56,85","117,89K","-0,85%"
"27.09.2017","57,90","58,57","58,89","57,57","142,87K","-0,92%"
"26.09.2017","58,44","59,05","59,49","57,77","214,73K","-0,98%"
"25.09.2017","59,02","56,87","59,25","56,70","224,94K","3,80%"
"22.09.2017","56,86","56,50","56,91","56,22","208,36K","0,76%"
"21.09.2017","56,43","56,17","56,53","55,76","251,62K","0,25%"
"20.09.2017","56,29","55,35","56,48","55,26","295,65K","2,09%"
"19.09.2017","55,14","55,48","55,89","54,89","221,76K","-0,61%"
"18.09.2017","55,48","55,59","55,95","54,82","278,12K","-0,25%"
"15.09.2017","55,62","55,29","55,85","54,86","271,07K","0,27%"
"14.09.2017","55,47","55,02","55,99","54,93","327,35K","0,56%"
"13.09.2017","55,16","54,18","55,21","54,03","291,47K","1,64%"
"12.09.2017","54,27","53,77","54,44","53,42","279,34K","0,80%"
"11.09.2017","53,84","53,82","54,14","53,04","276,43K","0,11%"
"08.09.2017","53,78","54,54","54,87","53,57","307,45K","-1,30%"
"07.09.2017","54,49","54,13","54,67","53,89","306,72K","0,54%"
"06.09.2017","54,20","53,16","54,31","53,09","322,60K","1,54%"
"05.09.2017","53,38","52,30","53,66","52,09","300,78K","1,99%"
"04.09.2017","52,34","52,85","52,85","51,99","121,54K","-0,78%"
"01.09.2017","52,75","52,84","52,95","52,24","262,20K","0,71%"
"31.08.2017","52,38","50,58","52,43","50,56","33,50K","2,99%"
"30.08.2017","50,86","51,97","52,01","50,58","152,59K","-2,19%"
"29.08.2017","52,00","52,04","52,19","51,36","139,97K","0,21%"
"28.08.2017","51,89","52,38","52,84","51,52","141,58K","-0,99%"
"25.08.2017","52,41","52,30","52,68","51,93","218,09K","0,71%"
"24.08.2017","52,04","52,55","52,71","51,61","255,76K","-1,01%"
"23.08.2017","52,57","51,68","52,63","51,45","287,20K","1,35%"
"22.08.2017","51,87","51,78","52,28","51,39","313,92K","0,41%"
"21.08.2017","51,66","53,00","53,00","51,30","271,57K","-2,01%"
"18.08.2017","52,72","50,89","52,96","50,78","317,44K","3,31%"
"17.08.2017","51,03","50,40","51,12","50,00","334,30K","1,51%"
"16.08.2017","50,27","50,98","51,40","50,15","305,55K","-1,04%"
"15.08.2017","50,80","50,65","51,15","50,02","334,16K","0,14%"
"14.08.2017","50,73","52,02","52,38","50,55","281,57K","-2,63%"
"11.08.2017","52,10","51,94","52,28","51,30","245,31K","0,39%"
"10.08.2017","51,90","52,72","53,64","51,67","450,28K","-1,52%"
"09.08.2017","52,70","51,99","52,85","51,81","265,61K","1,07%"
"08.08.2017","52,14","52,24","52,73","51,82","235,16K","-0,44%"
"07.08.2017","52,37","52,39","52,53","51,37","260,94K","-0,10%"
"04.08.2017","52,42","51,97","52,52","51,43","278,78K","0,79%"
"03.08.2017","52,01","52,24","52,89","51,77","402,66K","-0,67%"
"02.08.2017","52,36","51,38","52,43","51,18","406,42K","1,12%"
"01.08.2017","51,78","52,70","52,93","50,88","392,64K","-1,65%"
"31.07.2017","52,65","52,60","52,92","52,20","25,54K","0,25%"
"28.07.2017","52,52","51,60","52,70","51,31","159,15K","2,00%"
"27.07.2017","51,49","50,86","51,64","50,50","184,43K","1,02%"
"26.07.2017","50,97","50,63","51,06","50,07","258,95K","1,53%"
"25.07.2017","50,20","48,64","50,91","48,63","284,29K","3,29%"
"24.07.2017","48,60","47,96","48,77","47,68","287,93K","1,12%"
"21.07.2017","48,06","49,33","49,65","47,81","338,35K","-2,52%"
"20.07.2017","49,30","49,65","50,19","49,19","315,34K","-0,80%"
"19.07.2017","49,70","48,70","49,81","48,58","300,37K","1,76%"
"18.07.2017","48,84","48,40","49,41","48,24","251,50K","0,87%"
"17.07.2017","48,42","49,14","49,26","48,31","227,42K","-1,00%"
"14.07.2017","48,91","48,37","49,11","48,15","295,66K","1,01%"
"13.07.2017","48,42","47,70","48,53","47,18","262,63K","1,42%"
"12.07.2017","47,74","48,21","48,79","47,35","333,70K","0,46%"
"11.07.2017","47,52","46,99","48,21","46,29","283,39K","1,37%"
"10.07.2017","46,88","46,84","47,38","46,11","268,90K","0,36%"
"07.07.2017","46,71","47,76","47,76","46,28","302,32K","-2,91%"
"06.07.2017","48,11","48,28","49,18","47,77","308,26K","0,67%"
"05.07.2017","47,79","49,67","49,84","47,00","372,98K","-3,67%"
"04.07.2017","49,61","49,63","49,90","49,29","129,57K","-0,14%"
"03.07.2017","49,68","48,95","49,71","48,54","244,52K","3,67%"
"30.06.2017","47,92","47,46","48,12","47,46","26,18K","1,05%"
"29.06.2017","47,42","47,39","48,03","47,14","179,56K","0,23%"
"28.06.2017","47,31","46,25","47,47","46,25","162,58K","1,41%"
"27.06.2017","46,65","45,85","47,06","45,79","263,26K","1,79%"
"26.06.2017","45,83","45,63","46,24","45,04","203,22K","0,64%"
"23.06.2017","45,54","45,28","45,75","45,03","252,26K","0,71%"
"22.06.2017","45,22","44,81","45,79","44,53","346,76K","0,89%"
"21.06.2017","44,82","45,89","46,63","44,35","389,71K","-2,61%"
"20.06.2017","46,02","46,96","47,23","45,42","343,46K","-1,90%"
"19.06.2017","46,91","47,21","47,76","46,77","261,49K","-0,97%"
"16.06.2017","47,37","46,82","47,61","46,81","227,42K","0,96%"
"15.06.2017","46,92","46,80","47,20","46,70","301,40K","-0,17%"
"14.06.2017","47,00","48,18","48,69","46,74","464,42K","-3,53%"
"13.06.2017","48,72","48,32","48,82","47,87","321,28K","0,89%"
"12.06.2017","48,29","48,06","49,15","48,01","316,56K","0,29%"
"09.06.2017","48,15","47,79","48,56","47,40","285,82K","0,61%"
"08.06.2017","47,86","48,26","48,60","47,56","445,97K","-0,42%"
"07.06.2017","48,06","49,97","50,14","47,96","461,75K","-4,11%"
"06.06.2017","50,12","49,57","50,30","49,00","329,71K","1,31%"
"05.06.2017","49,47","49,87","50,74","49,04","348,41K","-0,96%"
"02.06.2017","49,95","50,23","50,52","48,95","451,46K","-1,34%"
"01.06.2017","50,63","51,17","51,45","50,23","462,92K","0,64%"
"31.05.2017","50,31","51,92","51,92","49,81","41,68K","-2,95%"
"30.05.2017","51,84","52,25","52,35","51,19","137,21K","-0,86%"
"29.05.2017","52,29","52,24","52,61","51,86","36,59K","0,27%"
"26.05.2017","52,15","51,38","52,30","50,71","265,83K","1,34%"
"25.05.2017","51,46","54,15","54,67","51,03","464,50K","-4,63%"
"24.05.2017","53,96","54,14","54,62","53,66","351,64K","-0,35%"
"23.05.2017","54,15","53,87","54,43","53,20","328,33K","0,52%"
"22.05.2017","53,87","53,85","54,37","53,66","379,12K","0,48%"
"19.05.2017","53,61","52,57","53,82","52,55","333,27K","2,09%"
"18.05.2017","52,51","52,19","52,74","51,11","363,69K","0,57%"
"17.05.2017","52,21","51,20","52,61","51,04","331,36K","1,08%"
"16.05.2017","51,65","51,88","52,36","51,10","340,96K","-0,33%"
"15.05.2017","51,82","50,89","52,63","50,74","331,42K","1,93%"
"12.05.2017","50,84","50,76","51,09","50,33","304,76K","0,14%"
"11.05.2017","50,77","50,28","51,16","50,25","315,59K","1,10%"
"10.05.2017","50,22","48,95","50,63","48,81","368,11K","3,06%"
"09.05.2017","48,73","49,44","49,72","48,39","332,91K","-1,24%"
"08.05.2017","49,34","49,27","49,92","48,48","400,72K","0,49%"
"05.05.2017","49,10","48,45","49,63","46,64","530,44K","1,49%"
"04.05.2017","48,38","50,59","50,73","48,16","541,58K","-4,75%"
"03.05.2017","50,79","50,99","51,14","50,20","357,19K","0,65%"
"02.05.2017","50,46","51,39","52,16","50,14","364,06K","-2,06%"
"01.05.2017","51,52","51,88","51,97","51,22","121,53K","-0,41%"
"28.04.2017","51,73","51,58","52,12","51,31","23,20K","0,56%"
"27.04.2017","51,44","51,57","51,76","50,45","187,13K","-0,73%"
"26.04.2017","51,82","51,81","52,46","51,38","206,56K","-0,54%"
"25.04.2017","52,10","51,60","52,39","51,30","272,76K","0,97%"
"24.04.2017","51,60","52,11","52,57","51,42","267,28K","-0,69%"
"21.04.2017","51,96","53,00","53,29","51,57","348,48K","-1,94%"
"20.04.2017","52,99","53,09","53,55","52,68","401,85K","0,11%"
"19.04.2017","52,93","54,78","55,20","52,58","435,41K","-3,57%"
"18.04.2017","54,89","55,39","55,48","54,61","373,10K","-0,85%"
"17.04.2017","55,36","55,55","55,98","55,29","158,97K","-0,95%"
"13.04.2017","55,89","55,66","56,06","55,56","325,31K","0,05%"
"12.04.2017","55,86","56,28","56,65","55,50","373,53K","-0,66%"
"11.04.2017","56,23","56,08","56,30","55,45","340,42K","0,45%"
"10.04.2017","55,98","55,19","56,05","55,19","298,90K","1,34%"
"07.04.2017","55,24","54,88","56,08","54,57","317,78K","0,64%"
"06.04.2017","54,89","54,13","55,00","54,02","239,47K","0,97%"
"05.04.2017","54,36","54,22","55,09","53,97","353,02K","0,35%"
"04.04.2017","54,17","53,18","54,38","52,73","302,11K","1,98%"
"03.04.2017","53,12","53,62","53,74","53,03","241,75K","0,55%"
"31.03.2017","52,83","52,83","53,45","52,35","27,46K","-0,25%"
"30.03.2017","52,96","52,39","53,10","52,03","128,55K","1,03%"
"29.03.2017","52,42","51,43","52,48","51,36","140,44K","2,12%"
"28.03.2017","51,33","50,77","51,87","50,77","186,41K","1,14%"
"27.03.2017","50,75","51,03","51,10","50,03","195,52K","-0,10%"
"24.03.2017","50,80","50,64","51,06","50,40","215,34K","0,47%"
"23.03.2017","50,56","50,83","51,10","50,25","320,21K","-0,16%"
"22.03.2017","50,64","50,86","50,98","49,71","327,91K","-0,63%"
"21.03.2017","50,96","51,70","52,22","50,73","291,71K","-1,28%"
"20.03.2017","51,62","51,80","51,94","51,01","239,25K","-0,27%"
"17.03.2017","51,76","51,74","52,18","51,53","220,35K","0,04%"
"16.03.2017","51,74","52,08","52,65","51,50","281,53K","-0,14%"
"15.03.2017","51,81","51,50","52,15","51,36","327,90K","1,75%"
"14.03.2017","50,92","51,34","51,86","50,25","411,63K","-0,84%"
"13.03.2017","51,35","51,49","51,70","50,85","276,76K","-0,04%"
"10.03.2017","51,37","52,33","53,02","51,14","351,34K","-1,57%"
"09.03.2017","52,19","53,49","53,86","51,50","504,12K","-1,73%"
"08.03.2017","53,11","55,63","55,77","52,93","444,13K","-5,03%"
"07.03.2017","55,92","55,95","56,65","55,56","269,52K","-0,16%"
"06.03.2017","56,01","55,80","56,25","55,32","224,20K","0,20%"
"03.03.2017","55,90","55,18","55,95","55,09","248,71K","1,49%"
"02.03.2017","55,08","56,31","56,44","55,03","350,12K","-2,27%"
"01.03.2017","56,36","56,45","57,05","56,24","261,74K","1,39%"
"28.02.2017","55,59","56,02","56,15","55,23","28,35K","-0,61%"
"27.02.2017","55,93","55,96","56,77","55,86","139,29K","-0,11%"
"24.02.2017","55,99","56,40","56,66","55,74","164,96K","-1,04%"
"23.02.2017","56,58","56,20","57,26","56,18","223,59K","1,33%"
"22.02.2017","55,84","56,74","57,01","55,64","245,16K","-1,45%"
"21.02.2017","56,66","56,17","57,31","56,10","335,44K","0,85%"
"20.02.2017","56,18","55,90","56,42","55,70","209,63K","0,66%"
"17.02.2017","55,81","55,73","55,88","55,10","270,49K","0,29%"
"16.02.2017","55,65","55,74","56,24","55,13","310,84K","-0,18%"
"15.02.2017","55,75","55,82","56,25","55,56","272,52K","-0,39%"
"14.02.2017","55,97","55,75","56,46","55,53","254,98K","0,68%"
"13.02.2017","55,59","56,68","56,81","55,41","234,31K","-1,96%"
"10.02.2017","56,70","55,66","56,88","55,59","284,71K","1,92%"
"09.02.2017","55,63","55,30","55,92","55,23","263,40K","0,93%"
"08.02.2017","55,12","54,50","55,68","54,44","409,83K","0,13%"
"07.02.2017","55,05","55,91","55,98","54,58","317,18K","-1,20%"
"06.02.2017","55,72","56,85","57,13","55,65","252,70K","-1,92%"
"03.02.2017","56,81","56,92","57,30","56,39","264,76K","0,44%"
"02.02.2017","56,56","56,53","57,45","56,33","297,35K","-0,42%"
"01.02.2017","56,80","55,55","56,83","55,36","301,24K","1,97%"
"31.01.2017","55,70","55,25","56,00","54,90","28,80K","0,85%"
"30.01.2017","55,23","55,47","55,70","54,97","104,90K","-0,52%"
"27.01.2017","55,52","56,09","56,50","54,86","142,07K","-1,28%"
"26.01.2017","56,24","55,39","56,55","55,21","265,72K","2,11%"
"25.01.2017","55,08","55,24","55,65","54,75","275,73K","-0,65%"
"24.01.2017","55,44","55,42","55,87","55,07","254,89K","0,38%"
"23.01.2017","55,23","55,70","55,75","54,65","305,85K","-0,47%"
"20.01.2017","55,49","54,33","55,80","54,18","293,54K","2,46%"
"19.01.2017","54,16","54,29","54,77","53,90","346,87K","0,45%"
"18.01.2017","53,92","55,48","55,90","53,77","360,15K","-2,79%"
"17.01.2017","55,47","55,74","56,95","55,40","335,73K","-0,70%"
"16.01.2017","55,86","55,64","55,92","55,19","112,58K","0,74%"
"13.01.2017","55,45","56,00","56,21","55,28","247,09K","-1,00%"
"12.01.2017","56,01","55,19","56,43","55,01","331,63K","1,65%"
"11.01.2017","55,10","53,80","55,67","53,70","419,90K","2,72%"
"10.01.2017","53,64","54,95","55,36","53,58","332,98K","-2,37%"
"09.01.2017","54,94","56,81","57,00","54,74","266,39K","-3,78%"
"06.01.2017","57,10","56,88","57,47","56,28","234,87K","0,37%"
"05.01.2017","56,89","56,35","57,35","56,01","269,61K","0,76%"
"04.01.2017","56,46","55,73","56,55","55,33","282,55K","1,78%"
"03.01.2017","55,47","57,05","58,37","55,30","340,82K","-2,38%"
"30.12.2016","56,82","57,00","57,20","56,46","129,10K","1,21%"
"29.12.2016","56,14","56,01","56,63","55,91","49,08K","-0,14%"
"28.12.2016","56,22","56,06","56,56","55,89","109,91K","0,23%"
"27.12.2016","56,09","55,18","57,15","55,04","67,84K","1,69%"
"23.12.2016","55,16","54,84","55,25","54,26","104,09K","0,20%"
"22.12.2016","55,05","54,55","55,23","54,05","194,66K","1,08%"
"21.12.2016","54,46","55,52","55,87","54,32","277,73K","-1,61%"
"20.12.2016","55,35","55,02","55,92","54,75","257,02K","0,78%"
"19.12.2016","54,92","55,40","55,80","54,69","228,39K","-0,53%"
"16.12.2016","55,21","54,11","55,38","53,71","229,19K","2,20%"
"15.12.2016","54,02","53,76","54,50","53,15","266,15K","0,22%"
"14.12.2016","53,90","55,16","55,81","53,52","353,97K","-3,27%"
"13.12.2016","55,72","55,70","56,44","55,13","283,43K","0,05%"
"12.12.2016","55,69","55,88","57,89","55,11","372,17K","2,50%"
"09.12.2016","54,33","53,97","54,46","53,77","264,80K","0,82%"
"08.12.2016","53,89","53,15","54,05","52,81","334,18K","1,68%"
"07.12.2016","53,00","53,94","54,23","52,92","298,57K","-1,72%"
"06.12.2016","53,93","54,50","54,94","53,51","280,65K","-1,84%"
"05.12.2016","54,94","54,40","55,33","53,77","288,55K","0,88%"
"02.12.2016","54,46","53,88","54,50","52,84","312,78K","0,96%"
"01.12.2016","53,94","51,72","54,53","51,51","460,86K","6,88%"
"30.11.2016","50,47","46,54","50,49","46,51","43,12K","8,82%"
"29.11.2016","46,38","48,07","48,10","45,92","133,11K","-3,86%"
"28.11.2016","48,24","46,71","48,81","46,28","207,96K","2,12%"
"25.11.2016","47,24","48,96","49,02","46,85","181,17K","-3,59%"
"24.11.2016","49,00","49,03","49,21","48,76","71,19K","0,10%"
"23.11.2016","48,95","49,20","49,50","48,56","275,29K","-0,35%"
"22.11.2016","49,12","49,25","49,96","48,14","436,93K","0,45%"
"21.11.2016","48,90","46,92","49,15","46,92","282,70K","4,35%"
"18.11.2016","46,86","46,05","46,99","45,75","249,34K","0,80%"
"17.11.2016","46,49","46,44","47,62","45,97","280,94K","-0,30%"
"16.11.2016","46,63","46,88","47,56","46,25","335,48K","-0,68%"
"15.11.2016","46,95","44,70","47,25","44,67","354,27K","5,67%"
"14.11.2016","44,43","44,54","44,99","43,57","260,15K","-0,72%"
"11.11.2016","44,75","45,80","45,89","44,19","286,71K","-2,38%"
"10.11.2016","45,84","46,36","46,92","45,56","302,45K","-1,12%"
"09.11.2016","46,36","46,04","46,95","44,40","448,12K","0,70%"
"08.11.2016","46,04","46,30","46,69","45,60","320,98K","-0,24%"
"07.11.2016","46,15","45,70","46,38","45,38","276,17K","1,25%"
"04.11.2016","45,58","46,43","46,56","45,08","384,56K","-1,66%"
"03.11.2016","46,35","47,15","47,52","45,99","283,66K","-1,09%"
"02.11.2016","46,86","47,90","48,02","46,46","366,82K","-2,66%"
"01.11.2016","48,14","48,72","49,26","47,72","462,80K","-0,33%"
"31.10.2016","48,30","49,41","49,72","47,98","32,21K","-2,84%"
"28.10.2016","49,71","50,41","50,58","49,31","94,84K","-1,51%"
"27.10.2016","50,47","50,05","50,90","49,83","138,09K","0,98%"
"26.10.2016","49,98","50,26","50,69","49,65","304,52K","-1,59%"
"25.10.2016","50,79","51,44","51,83","50,22","237,73K","-1,30%"
"24.10.2016","51,46","51,89","52,01","50,50","277,24K","-0,62%"
"21.10.2016","51,78","51,40","51,94","51,12","249,16K","0,78%"
"20.10.2016","51,38","52,60","52,72","51,17","279,31K","-2,45%"
"19.10.2016","52,67","52,13","53,14","52,09","292,95K","1,92%"
"18.10.2016","51,68","51,72","52,15","51,25","274,17K","0,31%"
"17.10.2016","51,52","51,93","52,29","51,16","247,03K","-0,83%"
"14.10.2016","51,95","52,06","52,55","51,50","248,44K","-0,15%"
"13.10.2016","52,03","51,60","52,15","50,92","310,65K","0,42%"
"12.10.2016","51,81","52,48","52,87","51,61","254,73K","-1,14%"
"11.10.2016","52,41","53,11","53,32","52,12","373,85K","-1,37%"
"10.10.2016","53,14","51,63","53,73","51,30","334,27K","2,33%"
"07.10.2016","51,93","52,72","52,84","51,33","310,02K","-1,10%"
"06.10.2016","52,51","51,76","52,75","51,32","293,87K","1,25%"
"05.10.2016","51,86","51,22","52,09","51,22","302,09K","1,95%"
"04.10.2016","50,87","50,93","51,55","50,34","269,27K","-0,04%"
"03.10.2016","50,89","50,02","51,14","49,74","284,26K","3,73%"
"30.09.2016","49,06","49,18","49,25","48,21","26,94K","-0,37%"
"29.09.2016","49,24","48,87","49,81","47,99","114,83K","1,13%"
"28.09.2016","48,69","46,14","48,96","45,70","188,67K","5,92%"
"27.09.2016","45,97","47,06","47,28","45,63","241,18K","-2,91%"
"26.09.2016","47,35","46,05","47,66","45,74","208,15K","3,18%"
"23.09.2016","45,89","47,42","48,26","45,65","306,86K","-3,69%"
"22.09.2016","47,65","46,99","47,83","46,99","290,33K","1,75%"
"21.09.2016","46,83","46,45","47,14","46,38","249,08K","2,07%"
"20.09.2016","45,88","45,91","46,30","45,09","298,80K","-0,15%"
"19.09.2016","45,95","46,01","46,93","45,85","209,91K","0,39%"
"16.09.2016","45,77","46,31","46,41","45,48","226,32K","-1,76%"
"15.09.2016","46,59","46,06","47,00","45,67","320,72K","1,61%"
"14.09.2016","45,85","47,33","47,48","45,70","332,96K","-2,65%"
"13.09.2016","47,10","48,17","48,22","46,96","280,02K","-2,52%"
"12.09.2016","48,32","47,81","48,63","46,90","258,76K","0,65%"
"09.09.2016","48,01","49,63","49,70","47,76","262,15K","-3,96%"
"08.09.2016","49,99","48,55","50,14","48,21","327,24K","4,19%"
"07.09.2016","47,98","47,20","48,56","46,97","224,23K","1,52%"
"06.09.2016","47,26","47,43","47,99","46,29","215,06K","-0,78%"
"05.09.2016","47,63","46,70","49,40","46,40","287,95K","1,71%"
"02.09.2016","46,83","45,79","47,02","45,41","279,34K","3,04%"
"01.09.2016","45,45","46,98","47,24","45,32","290,04K","-3,38%"
"31.08.2016","47,04","48,29","48,42","46,96","20,61K","-2,75%"
"30.08.2016","48,37","49,25","49,76","48,23","124,52K","-1,81%"
"29.08.2016","49,26","49,54","49,60","48,97","65,67K","-1,32%"
"26.08.2016","49,92","49,66","50,76","49,12","209,62K","0,50%"
"25.08.2016","49,67","49,03","49,78","48,70","217,13K","1,26%"
"24.08.2016","49,05","49,57","49,87","48,68","280,92K","-1,82%"
"23.08.2016","49,96","49,04","50,21","48,48","314,18K","1,63%"
"22.08.2016","49,16","50,70","50,70","49,07","270,37K","-3,38%"
"19.08.2016","50,88","50,96","51,22","50,32","252,34K","-0,02%"
"18.08.2016","50,89","49,76","51,05","49,52","268,83K","2,09%"
"17.08.2016","49,85","48,88","49,93","48,55","377,40K","1,26%"
"16.08.2016","49,23","48,22","49,36","47,90","331,86K","1,82%"
"15.08.2016","48,35","47,14","48,54","46,84","234,40K","2,94%"
"12.08.2016","46,97","46,18","47,25","45,74","258,00K","2,02%"
"11.08.2016","46,04","43,78","46,30","43,46","335,53K","4,52%"
"10.08.2016","44,05","44,92","45,68","43,81","284,86K","-2,07%"
"09.08.2016","44,98","45,25","45,77","44,76","216,22K","-0,90%"
"08.08.2016","45,39","44,34","45,71","44,24","221,51K","2,53%"
"05.08.2016","44,27","44,18","44,49","43,51","236,87K","-0,05%"
"04.08.2016","44,29","43,36","44,34","42,51","276,42K","2,76%"
"03.08.2016","43,10","41,94","43,47","41,56","320,44K","3,11%"
"02.08.2016","41,80","42,23","43,18","41,51","262,56K","-0,81%"
"01.08.2016","42,14","43,11","43,85","41,87","234,77K","-0,75%"
"29.07.2016","42,46","42,61","42,83","41,80","21,54K","-0,56%"
"28.07.2016","42,70","43,53","43,72","42,56","110,09K","-1,77%"
"27.07.2016","43,47","44,55","44,91","43,27","194,57K","-3,12%"
"26.07.2016","44,87","44,82","44,96","44,14","240,33K","0,34%"
"25.07.2016","44,72","45,70","45,87","44,55","188,81K","-2,12%"
"22.07.2016","45,69","46,21","46,50","45,17","243,49K","-1,10%"
"21.07.2016","46,20","47,17","47,56","46,05","237,48K","-2,06%"
"20.07.2016","47,17","46,76","47,49","45,90","296,30K","1,09%"
"19.07.2016","46,66","46,93","47,49","46,53","214,36K","-0,64%"
"18.07.2016","46,96","47,92","47,95","46,50","230,50K","-1,37%"
"15.07.2016","47,61","47,03","48,25","46,65","260,43K","0,51%"
"14.07.2016","47,37","46,59","47,47","46,34","289,40K","2,40%"
"13.07.2016","46,26","48,13","48,20","46,09","299,80K","-4,56%"
"12.07.2016","48,47","46,17","48,57","46,09","321,53K","4,80%"
"11.07.2016","46,25","46,49","47,10","45,90","229,28K","-1,09%"
"08.07.2016","46,76","46,60","47,23","46,15","237,28K","0,78%"
"07.07.2016","46,40","49,12","49,59","46,15","328,10K","-4,92%"
"06.07.2016","48,80","48,06","49,31","47,17","279,12K","1,75%"
"05.07.2016","47,96","50,03","50,05","47,54","305,74K","-4,27%"
"04.07.2016","50,10","50,60","50,75","50,03","113,45K","-0,50%"
"01.07.2016","50,35","49,90","50,66","49,25","248,69K","1,35%"
"30.06.2016","49,68","50,21","50,28","49,47","25,41K","-1,84%"
"29.06.2016","50,61","48,84","50,74","48,62","112,96K","4,18%"
"28.06.2016","48,58","47,61","48,79","47,47","173,18K","3,01%"
"27.06.2016","47,16","48,43","48,90","46,69","243,26K","-2,58%"
"24.06.2016","48,41","50,69","50,74","47,54","351,74K","-4,91%"
"23.06.2016","50,91","50,14","51,18","49,89","246,95K","2,06%"
"22.06.2016","49,88","51,06","51,24","49,18","282,72K","-1,46%"
"21.06.2016","50,62","50,43","51,10","49,46","256,95K","-0,06%"
"20.06.2016","50,65","49,42","50,68","49,24","244,41K","3,01%"
"17.06.2016","49,17","47,28","49,40","47,25","222,73K","4,20%"
"16.06.2016","47,19","48,56","48,77","46,94","287,30K","-3,63%"
"15.06.2016","48,97","49,22","49,80","48,39","298,84K","-1,73%"
"14.06.2016","49,83","49,89","50,05","49,20","224,01K","-1,03%"
"13.06.2016","50,35","50,42","50,79","49,61","208,81K","-0,38%"
"10.06.2016","50,54","51,91","52,10","50,33","210,06K","-2,71%"
"09.06.2016","51,95","52,74","52,86","51,53","213,12K","-1,07%"
"08.06.2016","52,51","51,41","52,80","51,32","260,75K","2,08%"
"07.06.2016","51,44","50,46","51,54","50,28","208,82K","1,76%"
"06.06.2016","50,55","49,83","50,83","49,72","223,76K","1,83%"
"03.06.2016","49,64","49,95","50,33","49,30","227,82K","-0,80%"
"02.06.2016","50,04","49,63","50,30","48,84","270,12K","0,64%"
"01.06.2016","49,72","49,65","50,00","48,65","266,00K","0,06%"
"31.05.2016","49,69","49,70","50,05","49,23","28,69K","-0,14%"
"30.05.2016","49,76","49,43","49,83","48,92","23,09K","0,89%"
"27.05.2016","49,32","49,42","49,55","48,69","130,18K","-0,54%"
"26.05.2016","49,59","49,76","50,51","49,25","221,26K","-0,30%"
"25.05.2016","49,74","49,16","49,96","48,91","237,79K","2,32%"
"24.05.2016","48,61","48,35","49,24","47,80","211,58K","0,54%"
"23.05.2016","48,35","48,72","48,84","47,58","225,09K","-0,76%"
"20.05.2016","48,72","48,90","49,39","48,07","255,58K","-0,18%"
"19.05.2016","48,81","48,67","48,88","47,38","302,10K","-0,25%"
"18.05.2016","48,93","49,36","49,85","48,45","319,81K","-0,71%"
"17.05.2016","49,28","49,03","49,75","48,57","262,32K","0,63%"
"16.05.2016","48,97","47,80","49,47","47,77","294,38K","2,38%"
"13.05.2016","47,83","47,85","48,12","47,26","239,05K","-0,52%"
"12.05.2016","48,08","47,32","48,19","46,80","353,85K","1,01%"
"11.05.2016","47,60","45,59","47,75","44,80","381,74K","4,57%"
"10.05.2016","45,52","43,49","45,70","43,33","343,21K","4,33%"
"09.05.2016","43,63","45,75","46,48","43,43","364,58K","-3,84%"
"06.05.2016","45,37","45,16","46,12","44,19","283,65K","0,80%"
"05.05.2016","45,01","45,08","46,77","44,65","280,79K","0,87%"
"04.05.2016","44,62","45,21","46,01","44,19","293,82K","-0,78%"
"03.05.2016","44,97","45,80","46,40","44,62","276,40K","-1,88%"
"02.05.2016","45,83","47,37","47,40","45,72","168,09K","-4,78%"
"29.04.2016","48,13","47,90","48,50","47,41","29,52K","-0,02%"
"28.04.2016","48,14","47,10","48,19","46,74","113,08K","2,03%"
"27.04.2016","47,18","46,26","47,45","45,63","150,79K","3,15%"
"26.04.2016","45,74","44,69","46,49","44,36","199,24K","2,83%"
"25.04.2016","44,48","45,13","45,59","44,26","211,68K","-1,40%"
"22.04.2016","45,11","44,75","45,90","44,30","272,85K","1,30%"
"21.04.2016","44,53","45,54","46,18","44,44","312,60K","-2,77%"
"20.04.2016","45,80","43,52","45,88","42,81","297,26K","4,02%"
"19.04.2016","44,03","43,14","44,50","42,60","355,95K","2,61%"
"18.04.2016","42,91","41,80","43,43","40,10","383,37K","-0,44%"
"15.04.2016","43,10","43,80","44,05","42,28","285,17K","-1,69%"
"14.04.2016","43,84","44,01","44,62","43,29","234,37K","-0,77%"
"13.04.2016","44,18","44,44","44,94","43,76","348,59K","-1,14%"
"12.04.2016","44,69","42,70","44,81","42,56","357,35K","4,34%"
"11.04.2016","42,83","42,00","43,06","41,41","279,92K","2,12%"
"08.04.2016","41,94","39,68","42,01","39,62","340,22K","6,37%"
"07.04.2016","39,43","39,90","40,29","38,70","308,72K","-1,03%"
"06.04.2016","39,84","38,40","39,94","38,34","323,37K","5,20%"
"05.04.2016","37,87","37,50","38,44","37,27","296,45K","0,48%"
"04.04.2016","37,69","38,69","38,92","37,50","286,65K","-2,53%"
"01.04.2016","38,67","40,14","40,43","38,55","286,17K","-2,35%"
"31.03.2016","39,60","39,12","40,00","38,74","27,80K","0,87%"
"30.03.2016","39,26","39,42","40,61","39,09","103,12K","0,31%"
"29.03.2016","39,14","40,19","40,25","38,76","149,53K","-2,81%"
"28.03.2016","40,27","40,58","41,00","39,64","78,61K","-0,42%"
"24.03.2016","40,44","40,40","40,64","39,22","203,28K","-0,07%"
"23.03.2016","40,47","41,56","41,82","40,42","240,91K","-3,16%"
"22.03.2016","41,79","41,47","42,08","40,97","268,21K","0,60%"
"21.03.2016","41,54","41,31","41,88","40,48","234,10K","0,83%"
"18.03.2016","41,20","41,38","42,54","41,07","286,65K","-0,82%"
"17.03.2016","41,54","40,45","41,60","40,41","249,23K","3,00%"
"16.03.2016","40,33","39,14","40,44","38,83","263,87K","4,10%"
"15.03.2016","38,74","39,67","39,74","38,32","224,36K","-2,00%"
"14.03.2016","39,53","40,25","40,65","38,82","264,71K","-2,13%"
"11.03.2016","40,39","40,33","41,03","40,02","276,65K","0,85%"
"10.03.2016","40,05","40,89","41,01","39,63","287,78K","-2,48%"
"09.03.2016","41,07","39,65","41,18","39,39","333,49K","3,58%"
"08.03.2016","39,65","40,71","41,48","39,31","352,25K","-2,91%"
"07.03.2016","40,84","38,88","41,04","38,87","341,91K","5,48%"
"04.03.2016","38,72","37,04","38,95","36,82","295,79K","4,45%"
"03.03.2016","37,07","37,05","37,37","36,35","256,49K","0,38%"
"02.03.2016","36,93","36,62","37,40","36,10","278,17K","0,33%"
"01.03.2016","36,81","36,60","37,25","35,95","276,26K","2,34%"
"29.02.2016","35,97","35,10","36,23","34,83","30,24K","2,48%"
"26.02.2016","35,10","35,10","37,00","34,73","126,42K","-0,54%"
"25.02.2016","35,29","34,39","35,74","33,29","210,57K","2,56%"
"24.02.2016","34,41","32,98","34,67","32,37","344,00K","3,43%"
"23.02.2016","33,27","34,54","35,11","32,90","348,08K","-4,09%"
"22.02.2016","34,69","33,25","34,97","32,85","233,33K","5,09%"
"19.02.2016","33,01","33,88","34,46","32,68","287,09K","-3,70%"
"18.02.2016","34,28","34,91","35,73","33,79","324,10K","-0,64%"
"17.02.2016","34,50","32,54","34,99","31,82","355,92K","7,21%"
"16.02.2016","32,18","34,51","35,55","31,92","398,49K","-3,62%"
"15.02.2016","33,39","32,77","34,09","32,67","160,51K","0,09%"
"12.02.2016","33,36","31,31","33,44","30,85","394,48K","10,98%"
"11.02.2016","30,06","30,83","31,35","29,92","347,59K","-2,53%"
"10.02.2016","30,84","30,95","31,90","30,35","332,99K","1,72%"
"09.02.2016","30,32","33,17","33,56","30,28","305,77K","-7,79%"
"08.02.2016","32,88","33,99","34,68","32,77","211,55K","-3,46%"
"05.02.2016","34,06","34,39","35,14","33,81","296,57K","-1,16%"
"04.02.2016","34,46","35,32","35,84","34,15","323,93K","-1,66%"
"03.02.2016","35,04","32,41","35,53","32,30","396,58K","7,09%"
"02.02.2016","32,72","34,18","34,18","32,23","346,89K","-4,44%"
"01.02.2016","34,24","35,85","36,25","33,92","331,87K","-1,44%"
"29.01.2016","34,74","34,08","35,00","33,59","29,66K","2,51%"
"28.01.2016","33,89","32,84","35,84","32,56","195,14K","2,39%"
"27.01.2016","33,10","31,20","33,49","30,83","257,11K","4,09%"
"26.01.2016","31,80","30,01","32,72","29,27","335,09K","4,26%"
"25.01.2016","30,50","32,10","32,81","30,00","310,14K","-5,22%"
"22.01.2016","32,18","29,62","32,30","29,29","407,78K","10,02%"
"21.01.2016","29,25","27,99","29,84","27,29","394,26K","4,91%"
"20.01.2016","27,88","28,66","28,75","27,10","375,40K","-3,06%"
"19.01.2016","28,76","28,70","30,24","28,60","419,48K","0,74%"
"18.01.2016","28,55","28,73","29,58","27,67","211,26K","-1,35%"
"15.01.2016","28,94","31,00","31,02","28,82","344,46K","-6,74%"
"14.01.2016","31,03","30,26","31,23","29,73","16,39K","2,38%"
"13.01.2016","30,31","30,82","31,92","29,96","91,96K","-1,78%"
"12.01.2016","30,86","31,54","32,38","30,34","142,53K","-2,19%"
"11.01.2016","31,55","33,34","33,38","31,17","202,06K","-5,96%"
"08.01.2016","33,55","34,02","34,72","32,78","206,97K","-0,59%"
"07.01.2016","33,75","34,52","34,74","32,16","291,51K","-1,40%"
"06.01.2016","34,23","36,64","36,67","34,13","296,86K","-6,01%"
"05.01.2016","36,42","37,27","37,57","36,24","275,47K","-2,15%"
"04.01.2016","37,22","37,85","38,99","36,77","321,84K","-0,16%"
"31.12.2015","37,28","36,57","37,95","36,10","149,60K","2,25%"
"30.12.2015","36,46","37,29","37,55","36,35","173,51K","-3,52%"
"29.12.2015","37,79","36,59","37,98","36,56","171,68K","3,19%"
"28.12.2015","36,62","37,84","37,95","36,41","84,34K","-3,35%"
"24.12.2015","37,89","37,77","38,10","36,91","111,02K","1,42%"
"23.12.2015","37,36","36,37","37,88","36,28","196,98K","3,46%"
"22.12.2015","36,11","36,36","36,72","35,98","166,30K","-0,66%"
"21.12.2015","36,35","36,55","36,75","36,04","175,12K","-1,44%"
"18.12.2015","36,88","36,81","37,73","36,41","218,04K","-0,49%"
"17.12.2015","37,06","37,60","37,93","36,75","200,85K","-0,35%"
"16.12.2015","37,19","38,09","38,45","37,11","18,23K","-3,28%"
"15.12.2015","38,45","37,89","39,41","37,55","73,70K","1,40%"
"14.12.2015","37,92","37,85","38,43","36,33","115,12K","-0,03%"
"11.12.2015","37,93","39,55","39,74","37,36","167,31K","-4,53%"
"10.12.2015","39,73","40,44","40,70","39,46","188,99K","-0,95%"
"09.12.2015","40,11","40,63","41,59","39,57","284,65K","-0,37%"
"08.12.2015","40,26","40,82","41,45","39,81","328,38K","-1,15%"
"07.12.2015","40,73","43,26","43,26","40,60","272,44K","-5,28%"
"04.12.2015","43,00","43,98","44,82","42,67","345,83K","-1,92%"
"03.12.2015","43,84","42,77","44,69","42,61","271,48K","3,18%"
"02.12.2015","42,49","44,32","44,64","42,43","324,06K","-4,39%"
"01.12.2015","44,44","44,62","45,18","44,03","301,20K","-0,38%"
"30.11.2015","44,61","44,86","45,75","44,44","235,94K","-0,56%"
"27.11.2015","44,86","45,57","45,63","44,79","165,31K","-1,32%"
"26.11.2015","45,46","46,23","46,32","45,00","97,32K","-1,54%"
"25.11.2015","46,17","46,04","46,50","45,03","229,11K","0,11%"
"24.11.2015","46,12","45,11","46,50","44,92","271,93K","2,88%"
"23.11.2015","44,83","44,46","45,73","43,57","291,00K","0,38%"
"20.11.2015","44,66","44,38","45,50","44,06","245,34K","1,09%"
"19.11.2015","44,18","44,30","44,76","43,70","201,03K","0,09%"
"18.11.2015","44,14","43,97","44,74","43,34","255,68K","1,31%"
"17.11.2015","43,57","44,70","45,10","43,50","260,70K","-2,22%"
"16.11.2015","44,56","44,70","45,18","43,15","310,12K","2,18%"
"13.11.2015","43,61","44,08","44,85","43,57","28,63K","-1,02%"
"12.11.2015","44,06","45,92","46,27","43,89","132,49K","-3,82%"
"11.11.2015","45,81","47,08","47,73","45,62","193,34K","-3,44%"
"10.11.2015","47,44","47,32","47,86","46,96","206,34K","0,53%"
"09.11.2015","47,19","47,46","48,41","47,01","202,18K","-0,49%"
"06.11.2015","47,42","48,05","48,58","47,27","245,49K","-1,17%"
"05.11.2015","47,98","48,84","49,00","47,93","228,00K","-1,24%"
"04.11.2015","48,58","50,25","50,87","48,49","328,14K","-3,88%"
"03.11.2015","50,54","48,90","50,91","48,46","283,36K","3,59%"
"02.11.2015","48,79","49,50","49,69","48,61","224,28K","-1,55%"
"30.10.2015","49,56","48,66","50,00","48,28","238,59K","1,56%"
"29.10.2015","48,80","49,15","49,38","48,17","213,93K","-0,51%"
"28.10.2015","49,05","46,91","49,23","46,61","306,60K","4,79%"
"27.10.2015","46,81","47,43","47,57","46,41","243,11K","-1,54%"
"26.10.2015","47,54","48,00","48,33","47,30","193,98K","-0,94%"
"23.10.2015","47,99","48,32","48,65","47,45","242,06K","-0,19%"
"22.10.2015","48,08","47,96","48,73","47,65","201,59K","0,48%"
"21.10.2015","47,85","48,58","48,65","47,50","244,64K","-1,77%"
"20.10.2015","48,71","48,83","49,20","48,22","253,33K","0,21%"
"19.10.2015","48,61","50,38","50,68","48,57","223,31K","-3,67%"
"16.10.2015","50,46","50,21","50,70","49,31","225,96K","3,59%"
"15.10.2015","48,71","49,01","49,38","48,21","16,79K","-0,90%"
"14.10.2015","49,15","49,22","49,52","48,71","63,28K","-0,18%"
"13.10.2015","49,24","50,27","50,70","48,88","108,37K","-1,24%"
"12.10.2015","49,86","52,64","53,31","49,77","166,83K","-5,30%"
"09.10.2015","52,65","53,35","54,05","52,21","174,34K","-0,75%"
"08.10.2015","53,05","51,76","53,52","51,28","219,94K","3,35%"
"07.10.2015","51,33","52,15","53,15","51,21","299,91K","-1,14%"
"06.10.2015","51,92","49,35","52,26","48,86","303,58K","5,42%"
"05.10.2015","49,25","48,08","49,87","47,84","215,45K","2,33%"
"02.10.2015","48,13","47,99","48,50","46,93","201,59K","0,92%"
"01.10.2015","47,69","48,40","49,84","47,62","239,32K","-1,41%"
"30.09.2015","48,37","47,96","49,00","47,79","219,89K","0,29%"
"29.09.2015","48,23","47,45","48,65","47,25","181,41K","1,88%"
"28.09.2015","47,34","48,34","48,44","47,25","188,28K","-2,59%"
"25.09.2015","48,60","48,17","49,10","47,86","189,40K","0,89%"
"24.09.2015","48,17","47,88","48,47","47,40","198,04K","0,88%"
"23.09.2015","47,75","49,08","50,25","47,68","232,27K","-2,71%"
"22.09.2015","49,08","48,50","49,21","47,70","185,41K","0,33%"
"21.09.2015","48,92","47,64","48,99","47,48","179,90K","3,05%"
"18.09.2015","47,47","49,26","49,75","47,16","225,72K","-3,28%"
"17.09.2015","49,08","49,98","50,14","48,32","228,86K","-1,35%"
"16.09.2015","49,75","48,06","50,34","47,71","288,33K","6,69%"
"15.09.2015","46,63","46,65","46,90","45,98","18,46K","0,56%"
"14.09.2015","46,37","48,08","48,35","46,26","104,06K","-3,68%"
"11.09.2015","48,14","48,64","48,98","47,16","143,41K","-1,53%"
"10.09.2015","48,89","47,46","48,95","46,76","192,42K","2,75%"
"09.09.2015","47,58","49,39","50,04","47,32","173,22K","-3,92%"
"08.09.2015","49,52","47,76","49,85","47,64","253,29K","3,97%"
"07.09.2015","47,63","49,27","49,44","47,50","94,80K","-3,99%"
"04.09.2015","49,61","50,69","51,05","49,25","221,22K","-2,11%"
"03.09.2015","50,68","50,58","52,46","49,82","270,54K","0,36%"
"02.09.2015","50,50","48,62","51,00","47,74","324,84K","1,90%"
"01.09.2015","49,56","52,92","53,47","48,47","373,64K","-8,48%"
"31.08.2015","54,15","50,05","54,32","48,25","321,32K","8,19%"
"28.08.2015","50,05","47,40","50,98","46,61","418,78K","5,24%"
"27.08.2015","47,56","43,75","47,75","43,70","333,70K","10,25%"
"26.08.2015","43,14","43,32","43,76","42,81","267,56K","-0,16%"
"25.08.2015","43,21","42,79","44,50","42,68","292,10K","1,22%"
"24.08.2015","42,69","45,35","45,46","42,23","305,73K","-6,09%"
"21.08.2015","45,46","46,34","46,51","45,07","231,80K","-2,49%"
"20.08.2015","46,62","47,03","47,38","46,03","221,54K","-1,15%"
"19.08.2015","47,16","48,50","49,11","46,78","250,81K","-3,38%"
"18.08.2015","48,81","48,55","49,04","48,25","191,53K","0,14%"
"17.08.2015","48,74","48,76","49,44","48,35","195,61K","-0,59%"
"14.08.2015","49,03","49,11","49,52","48,80","21,37K","-0,39%"
"13.08.2015","49,22","49,82","50,39","48,85","115,92K","-0,89%"
"12.08.2015","49,66","49,38","50,01","48,72","153,81K","0,98%"
"11.08.2015","49,18","50,22","51,10","48,61","223,21K","-2,44%"
"10.08.2015","50,41","48,43","50,49","48,24","208,26K","3,70%"
"07.08.2015","48,61","49,62","50,06","48,42","245,82K","-1,84%"
"06.08.2015","49,52","49,72","49,83","48,88","236,36K","-0,14%"
"05.08.2015","49,59","50,14","50,99","49,02","280,76K","-0,80%"
"04.08.2015","49,99","49,70","50,45","49,58","221,65K","0,95%"
"03.08.2015","49,52","51,55","52,01","49,36","306,50K","-5,15%"
"31.07.2015","52,21","53,43","53,47","51,63","212,82K","-2,06%"
"30.07.2015","53,31","53,60","54,38","53,02","217,29K","-0,13%"
"29.07.2015","53,38","52,99","54,33","52,51","290,43K","0,15%"
"28.07.2015","53,30","53,08","54,08","52,28","290,60K","-0,32%"
"27.07.2015","53,47","54,45","54,89","52,83","226,37K","-2,11%"
"24.07.2015","54,62","55,39","55,60","54,30","195,04K","-1,18%"
"23.07.2015","55,27","56,04","56,53","55,10","207,13K","-1,53%"
"22.07.2015","56,13","56,88","56,90","55,92","221,46K","-1,60%"
"21.07.2015","57,04","56,55","57,44","56,33","188,88K","0,69%"
"20.07.2015","56,65","57,12","57,44","56,33","161,06K","-0,79%"
"17.07.2015","57,10","56,93","57,35","56,40","157,13K","-0,71%"
"16.07.2015","57,51","57,31","58,21","56,95","14,29K","0,81%"
"15.07.2015","57,05","58,63","58,81","56,86","79,69K","-2,50%"
"14.07.2015","58,51","57,71","58,82","56,43","143,12K","1,14%"
"13.07.2015","57,85","58,35","58,83","56,84","176,87K","-1,50%"
"10.07.2015","58,73","58,49","59,66","57,86","154,37K","0,20%"
"09.07.2015","58,61","57,10","59,27","57,01","277,59K","2,73%"
"08.07.2015","57,05","57,25","57,75","55,87","301,11K","0,35%"
"07.07.2015","56,85","56,85","57,83","55,10","331,59K","0,55%"
"06.07.2015","56,54","60,00","60,00","56,38","294,89K","-6,27%"
"03.07.2015","60,32","61,73","62,06","60,12","107,25K","-2,82%"
"02.07.2015","62,07","61,92","63,20","61,75","206,00K","0,10%"
"01.07.2015","62,01","63,02","63,35","61,84","266,62K","-2,48%"
"30.06.2015","63,59","61,77","63,83","61,71","256,88K","2,55%"
"29.06.2015","62,01","62,85","62,96","61,35","266,55K","-1,98%"
"26.06.2015","63,26","63,34","63,62","62,50","212,12K","0,09%"
"25.06.2015","63,20","63,50","63,95","62,72","213,75K","-0,46%"
"24.06.2015","63,49","64,66","65,05","63,01","256,39K","-1,49%"
"23.06.2015","64,45","63,21","64,89","62,76","266,02K","1,75%"
"22.06.2015","63,34","62,57","63,74","62,10","216,39K","0,51%"
"19.06.2015","63,02","64,20","64,56","62,34","216,17K","-1,93%"
"18.06.2015","64,26","63,74","64,96","63,44","217,21K","0,61%"
"17.06.2015","63,87","63,60","65,47","62,60","331,88K","0,27%"
"16.06.2015","63,70","63,80","64,41","63,42","279,74K","1,74%"
"15.06.2015","62,61","63,62","63,96","62,24","26,68K","-1,97%"
"12.06.2015","63,87","64,87","64,95","63,68","101,41K","-1,90%"
"11.06.2015","65,11","65,57","66,06","64,50","113,46K","-0,90%"
"10.06.2015","65,70","65,04","66,36","64,88","210,40K","1,26%"
"09.06.2015","64,88","62,81","65,23","62,72","223,36K","3,49%"
"08.06.2015","62,69","63,06","63,38","62,47","205,40K","-0,98%"
"05.06.2015","63,31","62,08","63,43","60,94","248,87K","2,06%"
"04.06.2015","62,03","63,81","64,08","61,78","235,21K","-2,77%"
"03.06.2015","63,80","65,38","65,40","63,50","262,66K","-2,58%"
"02.06.2015","65,49","64,90","65,88","64,58","245,91K","0,94%"
"01.06.2015","64,88","65,59","65,80","64,25","217,98K","-1,04%"
"29.05.2015","65,56","62,89","65,83","62,68","278,46K","4,76%"
"28.05.2015","62,58","62,20","62,95","61,24","238,59K","0,84%"
"27.05.2015","62,06","63,89","64,67","61,96","257,06K","-2,61%"
"26.05.2015","63,72","65,70","65,70","63,29","224,13K","-2,75%"
"25.05.2015","65,52","65,56","66,22","64,72","41,14K","0,23%"
"22.05.2015","65,37","66,59","66,64","65,10","184,55K","-1,76%"
"21.05.2015","66,54","64,89","66,88","64,83","250,91K","2,32%"
"20.05.2015","65,03","64,49","65,18","64,10","210,40K","1,58%"
"19.05.2015","64,02","66,19","66,39","63,95","253,35K","-3,40%"
"18.05.2015","66,27","66,91","67,88","65,92","198,22K","-0,81%"
"15.05.2015","66,81","66,75","67,00","65,37","206,14K","0,33%"
"14.05.2015","66,59","66,54","67,29","66,25","23,19K","-0,33%"
"13.05.2015","66,81","67,32","68,17","66,41","120,83K","-0,07%"
"12.05.2015","66,86","64,77","67,46","64,68","183,27K","3,00%"
"11.05.2015","64,91","65,37","65,75","64,25","202,51K","-0,73%"
"08.05.2015","65,39","65,64","66,12","64,23","248,59K","-0,23%"
"07.05.2015","65,54","67,37","68,49","65,17","292,89K","-3,29%"
"06.05.2015","67,77","67,71","69,63","67,35","296,74K","0,37%"
"05.05.2015","67,52","66,33","68,40","66,14","255,64K","1,61%"
"04.05.2015","66,45","66,40","67,10","65,95","120,21K","-0,02%"
"01.05.2015","66,46","66,78","66,93","65,52","189,32K","-0,48%"
"30.04.2015","66,78","65,63","66,93","65,37","223,48K","1,43%"
"29.04.2015","65,84","64,64","66,72","64,13","238,44K","1,86%"
"28.04.2015","64,64","64,74","65,49","63,90","196,46K","-0,29%"
"27.04.2015","64,83","65,47","65,61","64,40","189,77K","-0,69%"
"24.04.2015","65,28","64,75","65,80","64,48","259,49K","0,66%"
"23.04.2015","64,85","62,88","65,58","62,22","326,74K","3,38%"
"22.04.2015","62,73","61,90","63,33","61,39","230,06K","1,05%"
"21.04.2015","62,08","63,52","63,52","61,65","218,31K","-2,16%"
"20.04.2015","63,45","63,85","64,40","62,10","239,80K","0,00%"
"17.04.2015","63,45","64,02","64,50","62,95","220,12K","-0,83%"
"16.04.2015","63,98","62,90","64,95","62,00","293,49K","6,07%"
"15.04.2015","60,32","58,74","60,45","58,74","21,18K","3,23%"
"14.04.2015","58,43","58,17","59,24","57,76","106,80K","0,86%"
"13.04.2015","57,93","58,02","59,54","57,46","119,32K","0,10%"
"10.04.2015","57,87","56,84","58,12","56,25","137,66K","2,30%"
"09.04.2015","56,57","56,10","58,02","55,97","174,81K","1,84%"
"08.04.2015","55,55","58,30","58,72","55,45","250,56K","-6,01%"
"07.04.2015","59,10","57,80","59,27","57,02","236,71K","1,69%"
"06.04.2015","58,12","55,18","58,24","55,08","126,80K","5,77%"
"02.04.2015","54,95","56,72","57,28","54,00","288,97K","-3,77%"
"01.04.2015","57,10","55,18","57,69","54,70","256,90K","3,61%"
"31.03.2015","55,11","56,31","56,33","54,72","238,49K","-2,10%"
"30.03.2015","56,29","55,96","56,65","55,20","220,11K","-0,21%"
"27.03.2015","56,41","58,97","59,04","55,95","223,86K","-4,70%"
"26.03.2015","59,19","56,35","59,78","56,30","334,87K","4,80%"
"25.03.2015","56,48","55,09","57,17","54,70","256,04K","2,49%"
"24.03.2015","55,11","55,83","56,79","54,85","197,48K","-1,45%"
"23.03.2015","55,92","55,24","56,19","54,12","191,64K","1,08%"
"20.03.2015","55,32","54,46","55,67","53,55","186,67K","1,64%"
"19.03.2015","54,43","56,18","56,20","53,91","209,65K","-2,65%"
"18.03.2015","55,91","53,28","56,84","52,68","262,44K","4,49%"
"17.03.2015","53,51","54,10","54,38","52,57","240,29K","0,13%"
"16.03.2015","53,44","54,41","54,64","52,50","15,64K","-2,25%"
"13.03.2015","54,67","57,03","57,40","54,43","84,09K","-4,22%"
"12.03.2015","57,08","57,92","58,81","56,51","129,73K","-0,80%"
"11.03.2015","57,54","56,45","57,95","55,92","176,06K","2,04%"
"10.03.2015","56,39","58,37","58,72","56,12","191,78K","-3,66%"
"09.03.2015","58,53","59,62","60,02","58,38","194,78K","-2,01%"
"06.03.2015","59,73","60,75","61,30","59,17","181,48K","-1,24%"
"05.03.2015","60,48","60,60","61,57","60,08","215,12K","-0,12%"
"04.03.2015","60,55","60,85","60,94","59,47","260,54K","-0,77%"
"03.03.2015","61,02","60,00","61,81","59,84","281,78K","2,49%"
"02.03.2015","59,54","62,50","62,50","59,34","286,07K","-4,86%"
"27.02.2015","62,58","60,75","62,83","60,51","255,02K","4,21%"
"26.02.2015","60,05","61,85","62,63","59,66","261,45K","-2,56%"
"25.02.2015","61,63","58,75","61,73","58,41","279,65K","5,06%"
"24.02.2015","58,66","59,09","60,30","58,10","245,52K","-0,41%"
"23.02.2015","58,90","60,30","60,67","58,37","268,64K","-2,19%"
"20.02.2015","60,22","60,20","61,15","59,82","221,76K","0,02%"
"19.02.2015","60,21","59,54","60,99","57,80","303,86K","-0,53%"
"18.02.2015","60,53","62,30","62,46","60,09","224,10K","-3,20%"
"17.02.2015","62,53","61,68","63,00","60,27","277,97K","1,84%"
"16.02.2015","61,40","61,49","62,57","60,71","171,27K","-0,20%"
"13.02.2015","61,52","59,27","61,77","59,08","348,80K","7,84%"
"12.02.2015","57,05","55,12","57,50","54,72","16,21K","4,37%"
"11.02.2015","54,66","56,81","57,00","53,91","116,81K","-3,14%"
"10.02.2015","56,43","57,79","58,57","56,11","157,17K","-3,27%"
"09.02.2015","58,34","57,93","59,61","57,30","213,52K","0,93%"
"06.02.2015","57,80","56,74","59,06","56,71","253,31K","2,17%"
"05.02.2015","56,57","54,80","57,87","53,07","338,82K","4,45%"
"04.02.2015","54,16","57,19","58,06","53,50","359,74K","-6,48%"
"03.02.2015","57,91","55,00","59,00","54,84","414,59K","5,77%"
"02.02.2015","54,75","52,68","55,62","51,41","402,07K","3,32%"
"30.01.2015","52,99","49,15","53,08","48,76","335,02K","7,86%"
"29.01.2015","49,13","48,69","49,25","48,37","236,63K","1,36%"
"28.01.2015","48,47","49,10","49,72","48,29","275,15K","-2,28%"
"27.01.2015","49,60","48,25","49,99","47,67","249,57K","2,99%"
"26.01.2015","48,16","48,56","49,29","47,57","241,38K","-1,29%"
"23.01.2015","48,79","49,11","49,80","48,55","245,34K","0,56%"
"22.01.2015","48,52","48,60","50,45","48,02","321,47K","-1,04%"
"21.01.2015","49,03","48,29","49,59","48,21","268,65K","2,17%"
"20.01.2015","47,99","48,91","49,48","47,78","259,58K","-1,74%"
"19.01.2015","48,84","50,10","50,35","48,68","106,77K","-2,65%"
"16.01.2015","50,17","48,25","50,41","48,07","293,49K","5,24%"
"15.01.2015","47,67","48,68","50,62","47,00","17,93K","-2,09%"
"14.01.2015","48,69","46,84","49,21","45,59","122,34K","4,51%"
"13.01.2015","46,59","47,06","47,29","45,19","208,06K","-1,77%"
"12.01.2015","47,43","49,93","49,98","47,16","223,92K","-5,35%"
"09.01.2015","50,11","51,25","51,44","48,90","285,72K","-1,67%"
"08.01.2015","50,96","51,06","51,91","49,81","243,42K","-0,37%"
"07.01.2015","51,15","51,15","51,84","49,66","318,28K","0,10%"
"06.01.2015","51,10","53,20","53,60","50,52","338,88K","-3,78%"
"05.01.2015","53,11","56,25","56,30","52,66","289,89K","-5,87%"
"02.01.2015","56,42","58,02","58,54","55,48","177,98K","-1,59%"
"31.12.2014","57,33","57,35","57,68","55,81","148,14K","-0,98%"
"30.12.2014","57,90","57,93","58,39","56,74","154,11K","0,03%"
"29.12.2014","57,88","59,65","60,43","57,37","155,11K","-2,64%"
"26.12.2014","59,45","60,19","60,97","59,21","48,78K","-1,31%"
"24.12.2014","60,24","61,63","61,71","59,37","108,67K","-2,35%"
"23.12.2014","61,69","60,24","62,14","59,84","159,86K","2,63%"
"22.12.2014","60,11","61,99","62,97","59,84","195,79K","-2,07%"
"19.12.2014","61,38","59,85","62,66","59,05","222,07K","3,56%"
"18.12.2014","59,27","60,94","63,70","59,17","294,89K","-3,12%"
"17.12.2014","61,18","59,90","63,40","58,71","304,05K","2,21%"
"16.12.2014","59,86","60,65","61,01","58,50","19,70K","-1,97%"
"15.12.2014","61,06","61,20","63,25","60,20","107,89K","-1,28%"
"12.12.2014","61,85","63,01","63,66","61,35","153,89K","-2,87%"
"11.12.2014","63,68","64,47","65,13","63,05","185,63K","-0,87%"
"10.12.2014","64,24","66,25","66,36","63,56","249,64K","-3,89%"
"09.12.2014","66,84","66,00","67,04","65,29","190,52K","0,98%"
"08.12.2014","66,19","68,79","68,79","65,93","191,67K","-4,17%"
"05.12.2014","69,07","69,53","69,82","68,10","196,04K","-0,82%"
"04.12.2014","69,64","70,15","70,60","68,81","190,55K","-0,40%"
"03.12.2014","69,92","70,95","71,46","69,50","244,86K","-0,88%"
"02.12.2014","70,54","72,51","73,03","70,40","252,52K","-2,76%"
"01.12.2014","72,54","70,15","73,02","67,53","369,85K","3,41%"
"28.11.2014","70,15","72,58","73,41","69,78","262,03K","-3,35%"
"27.11.2014","72,58","77,40","77,46","71,25","244,65K","-6,65%"
"26.11.2014","77,75","78,28","78,86","77,30","202,19K","-0,74%"
"25.11.2014","78,33","79,45","80,44","78,05","256,83K","-1,69%"
"24.11.2014","79,68","80,50","80,85","79,40","151,15K","-0,85%"
"21.11.2014","80,36","79,95","81,61","79,07","264,61K","1,30%"
"20.11.2014","79,33","78,16","79,95","77,56","206,38K","1,57%"
"19.11.2014","78,10","78,41","79,45","78,04","247,15K","-0,47%"
"18.11.2014","78,47","79,01","79,95","78,21","209,55K","-1,06%"
"17.11.2014","79,31","79,50","79,60","77,94","189,08K","-0,13%"
"14.11.2014","79,41","77,67","79,75","76,76","267,61K","1,91%"
"13.11.2014","77,92","79,97","80,20","77,83","21,79K","-3,06%"
"12.11.2014","80,38","81,25","81,65","79,72","116,12K","-1,58%"
"11.11.2014","81,67","82,13","82,38","80,46","213,42K","-0,81%"
"10.11.2014","82,34","83,26","84,97","81,88","219,91K","-1,26%"
"07.11.2014","83,39","82,67","83,86","82,16","195,44K","0,64%"
"06.11.2014","82,86","83,10","83,27","82,05","224,78K","-0,11%"
"05.11.2014","82,95","82,78","84,45","81,63","364,45K","0,16%"
"04.11.2014","82,82","84,21","84,43","82,08","313,67K","-2,31%"
"03.11.2014","84,78","85,85","86,40","84,01","248,17K","-1,26%"
"31.10.2014","85,86","86,02","86,25","84,60","225,37K","-0,44%"
"30.10.2014","86,24","86,93","87,10","85,71","191,86K","-1,01%"
"29.10.2014","87,12","86,10","87,94","86,06","243,75K","1,27%"
"28.10.2014","86,03","85,50","86,38","85,08","198,83K","0,23%"
"27.10.2014","85,83","86,08","86,25","84,55","228,43K","-0,35%"
"24.10.2014","86,13","86,78","86,78","85,29","208,22K","-0,81%"
"23.10.2014","86,83","84,71","87,19","84,12","306,98K","2,50%"
"22.10.2014","84,71","86,46","87,07","84,47","264,81K","-1,75%"
"21.10.2014","86,22","85,13","86,49","85,10","258,39K","0,96%"
"20.10.2014","85,40","86,35","86,70","84,41","247,60K","-0,88%"
"17.10.2014","86,16","86,50","87,34","85,49","280,47K","2,00%"
"16.10.2014","84,47","83,45","85,00","82,60","14,94K","0,82%"
"15.10.2014","83,78","85,54","85,62","83,02","86,48K","-1,48%"
"14.10.2014","85,04","88,23","88,74","84,48","141,66K","-4,33%"
"13.10.2014","88,89","89,89","90,18","87,74","146,53K","-1,46%"
"10.10.2014","90,21","89,10","90,49","88,11","197,68K","0,18%"
"09.10.2014","90,05","91,62","91,85","88,42","216,47K","-1,46%"
"08.10.2014","91,38","91,89","91,89","90,57","207,63K","-0,79%"
"07.10.2014","92,11","92,81","92,99","91,40","222,63K","-0,73%"
"06.10.2014","92,79","91,90","93,21","91,25","203,60K","0,52%"
"03.10.2014","92,31","93,75","94,06","91,48","239,60K","-1,19%"
"02.10.2014","93,42","94,30","94,37","91,55","285,90K","-0,79%"
"01.10.2014","94,16","94,77","96,23","93,78","247,99K","-0,54%"
"30.09.2014","94,67","97,15","97,80","94,24","261,95K","-2,60%"
"29.09.2014","97,20","96,81","97,34","96,27","170,23K","0,21%"
"26.09.2014","97,00","97,11","97,50","96,46","165,60K","0,00%"
"25.09.2014","97,00","97,03","97,56","96,22","190,33K","0,05%"
"24.09.2014","96,95","96,89","97,33","95,60","216,74K","0,10%"
"23.09.2014","96,85","96,91","97,59","96,55","192,36K","-0,12%"
"22.09.2014","96,97","98,50","98,50","96,38","171,14K","-1,44%"
"19.09.2014","98,39","97,65","98,49","97,18","158,39K","0,71%"
"18.09.2014","97,70","98,69","99,14","97,42","193,58K","-1,28%"
"17.09.2014","98,97","98,95","99,61","98,51","190,17K","-0,08%"
"16.09.2014","99,05","97,96","99,45","97,44","199,77K","2,48%"
"15.09.2014","96,65","96,90","97,33","96,21","19,95K","-0,47%"
"12.09.2014","97,11","98,25","98,80","96,83","103,49K","-0,99%"
"11.09.2014","98,08","98,12","98,49","96,72","144,79K","0,04%"
"10.09.2014","98,04","99,35","99,47","97,60","203,28K","-1,13%"
"09.09.2014","99,16","100,20","100,62","99,03","172,50K","-1,04%"
"08.09.2014","100,20","100,80","101,00","99,36","197,61K","-0,61%"
"05.09.2014","100,82","101,87","102,44","100,35","202,14K","-0,99%"
"04.09.2014","101,83","102,41","102,95","101,70","218,44K","-0,91%"
"03.09.2014","102,77","100,40","103,13","100,40","233,64K","2,42%"
"02.09.2014","100,34","102,64","102,86","100,17","243,85K","-2,38%"
"01.09.2014","102,79","102,95","103,30","102,56","73,33K","-0,39%"
"29.08.2014","103,19","102,51","103,30","102,49","169,33K","0,71%"
"28.08.2014","102,46","102,54","103,20","102,25","184,78K","-0,25%"
"27.08.2014","102,72","102,42","103,07","102,05","146,23K","0,21%"
"26.08.2014","102,50","102,71","103,40","102,35","149,83K","-0,15%"
"25.08.2014","102,65","102,10","102,82","101,65","82,94K","0,35%"
"22.08.2014","102,29","102,67","102,83","102,00","132,51K","-0,33%"
"21.08.2014","102,63","102,14","102,79","101,21","179,61K","0,34%"
"20.08.2014","102,28","101,50","102,37","101,44","166,19K","0,71%"
"19.08.2014","101,56","101,62","102,07","101,07","177,10K","-0,04%"
"18.08.2014","101,60","103,21","103,30","101,11","181,10K","-1,86%"
"15.08.2014","103,53","102,05","103,76","102,05","199,63K","1,49%"
"14.08.2014","102,01","104,06","104,33","101,92","18,57K","-2,18%"
"13.08.2014","104,28","102,84","104,35","102,37","99,10K","1,22%"
"12.08.2014","103,02","104,50","104,61","102,65","139,91K","-1,59%"
"11.08.2014","104,68","105,00","105,43","104,35","143,61K","-0,32%"
"08.08.2014","105,02","105,67","106,85","104,67","203,74K","-0,40%"
"07.08.2014","105,44","104,64","105,92","104,16","189,82K","0,81%"
"06.08.2014","104,59","104,88","105,44","104,54","204,92K","-0,02%"
"05.08.2014","104,61","105,50","105,65","104,07","209,18K","-0,76%"
"04.08.2014","105,41","104,82","105,71","104,52","207,79K","0,54%"
"01.08.2014","104,84","105,60","106,12","104,39","216,36K","-1,11%"
"31.07.2014","106,02","106,06","106,59","105,41","234,55K","-0,46%"
"30.07.2014","106,51","107,50","107,86","105,84","218,39K","-1,12%"
"29.07.2014","107,72","107,46","108,05","107,13","176,64K","0,14%"
"28.07.2014","107,57","108,30","108,38","107,01","139,52K","-0,76%"
"25.07.2014","108,39","107,20","108,46","106,73","253,17K","1,23%"
"24.07.2014","107,07","108,15","108,21","106,83","179,57K","-0,89%"
"23.07.2014","108,03","106,87","108,25","106,87","207,15K","0,65%"
"22.07.2014","107,33","107,80","108,40","106,83","183,10K","-0,33%"
"21.07.2014","107,68","107,15","107,87","106,79","211,70K","0,41%"
"18.07.2014","107,24","108,50","108,62","106,94","210,88K","-0,60%"
"17.07.2014","107,89","107,13","108,60","106,80","296,51K","1,93%"
"16.07.2014","105,85","105,90","106,58","105,72","11,52K","-0,16%"
"15.07.2014","106,02","106,81","106,90","104,39","63,86K","-0,90%"
"14.07.2014","106,98","106,42","107,50","106,21","99,20K","0,30%"
"11.07.2014","106,66","108,58","108,74","106,27","171,04K","-1,85%"
"10.07.2014","108,67","108,15","108,88","107,76","152,47K","0,36%"
"09.07.2014","108,28","108,97","109,00","108,12","173,18K","-0,61%"
"08.07.2014","108,94","110,00","110,16","108,69","232,73K","-1,18%"
"07.07.2014","110,24","110,65","110,92","109,88","152,51K","-0,36%"
"04.07.2014","110,64","111,05","111,29","110,56","71,85K","-0,32%"
"03.07.2014","111,00","111,00","111,17","110,53","218,98K","-0,22%"
"02.07.2014","111,24","112,19","112,42","110,92","269,76K","-0,94%"
"01.07.2014","112,29","112,50","112,83","111,85","229,19K","-0,06%"
"30.06.2014","112,36","113,30","113,30","112,16","221,84K","-0,83%"
"27.06.2014","113,30","113,07","113,71","112,90","135,71K","0,08%"
"26.06.2014","113,21","114,24","114,29","113,00","180,86K","-0,69%"
"25.06.2014","114,00","114,31","114,65","113,23","211,91K","-0,40%"
"24.06.2014","114,46","113,90","114,83","113,55","230,49K","0,30%"
"23.06.2014","114,12","114,99","115,66","113,86","220,72K","-0,60%"
"20.06.2014","114,81","114,92","115,11","114,43","198,84K","-0,22%"
"19.06.2014","115,06","114,22","115,71","114,15","250,24K","0,70%"
"18.06.2014","114,26","113,46","114,54","113,05","240,75K","0,71%"
"17.06.2014","113,45","112,97","113,80","112,16","240,52K","0,45%"
"16.06.2014","112,94","112,73","113,28","112,33","175,90K","-0,41%"
"13.06.2014","113,41","113,75","114,69","112,75","16,05K","0,35%"
"12.06.2014","113,02","110,09","113,34","110,00","133,07K","2,79%"
"11.06.2014","109,95","109,61","110,25","109,44","131,57K","0,39%"
"10.06.2014","109,52","109,95","110,32","109,10","214,92K","-0,43%"
"09.06.2014","109,99","108,68","110,16","108,55","189,21K","1,27%"
"06.06.2014","108,61","108,85","109,31","108,46","155,00K","-0,17%"
"05.06.2014","108,79","108,13","108,96","107,77","193,33K","0,36%"
"04.06.2014","108,40","108,89","109,50","108,07","211,09K","-0,39%"
"03.06.2014","108,82","108,80","108,98","108,32","177,67K","-0,01%"
"02.06.2014","108,83","109,70","109,87","108,62","194,25K","-0,53%"
"30.05.2014","109,41","110,02","110,13","109,22","175,05K","-0,51%"
"29.05.2014","109,97","109,89","110,46","109,72","174,68K","0,15%"
"28.05.2014","109,81","110,22","110,40","109,41","175,31K","-0,19%"
"27.05.2014","110,02","110,35","110,80","109,71","173,41K","-0,27%"
"26.05.2014","110,32","110,40","110,55","109,75","29,31K","-0,20%"
"23.05.2014","110,54","110,38","110,70","110,25","143,66K","0,16%"
"22.05.2014","110,36","110,49","111,04","110,17","200,09K","-0,17%"
"21.05.2014","110,55","109,76","110,73","109,70","220,00K","0,78%"
"20.05.2014","109,69","109,33","110,00","109,10","172,79K","0,29%"
"19.05.2014","109,37","109,82","110,33","109,30","171,71K","-0,35%"
"16.05.2014","109,75","108,96","110,05","108,88","229,93K","-0,62%"
"15.05.2014","110,44","110,21","110,60","109,75","20,37K","0,23%"
"14.05.2014","110,19","109,39","110,41","109,32","115,26K","0,87%"
"13.05.2014","109,24","108,37","109,46","108,05","130,64K","0,77%"
"12.05.2014","108,41","107,94","108,77","107,94","145,65K","0,48%"
"09.05.2014","107,89","108,08","109,02","107,64","179,23K","-0,14%"
"08.05.2014","108,04","108,07","108,15","107,38","163,88K","-0,08%"
"07.05.2014","108,13","107,17","108,25","106,96","217,14K","1,00%"
"06.05.2014","107,06","107,53","108,21","106,97","194,54K","-0,61%"
"05.05.2014","107,72","108,92","108,92","107,05","139,53K","-0,80%"
"02.05.2014","108,59","107,72","108,99","107,60","215,15K","0,77%"
"01.05.2014","107,76","108,08","108,12","106,85","186,88K","-0,29%"
"30.04.2014","108,07","108,80","108,80","107,55","213,56K","-0,84%"
"29.04.2014","108,98","108,13","109,37","108,00","206,50K","0,80%"
"28.04.2014","108,12","109,50","110,20","107,86","246,47K","-1,33%"
"25.04.2014","109,58","110,33","110,63","109,25","216,21K","-0,68%"
"24.04.2014","110,33","109,22","110,65","109,07","215,43K","1,12%"
"23.04.2014","109,11","109,50","109,54","108,60","181,74K","-0,15%"
"22.04.2014","109,27","109,94","109,99","108,53","201,11K","-0,62%"
"21.04.2014","109,95","109,76","110,05","108,89","71,87K","0,38%"
"17.04.2014","109,53","109,60","110,19","109,08","163,99K","-0,06%"
"16.04.2014","109,60","109,43","110,36","109,00","229,36K","0,79%"
"15.04.2014","108,74","108,92","109,11","108,27","19,55K","-0,30%"
"14.04.2014","109,07","107,42","109,12","107,26","95,83K","1,62%"
"11.04.2014","107,33","107,35","107,87","106,98","105,40K","-0,12%"
"10.04.2014","107,46","107,90","107,92","107,26","124,82K","-0,48%"
"09.04.2014","107,98","107,50","108,14","107,12","144,72K","0,29%"
"08.04.2014","107,67","105,97","107,85","105,78","193,36K","1,75%"
"07.04.2014","105,82","106,35","106,63","105,13","215,20K","-0,84%"
"04.04.2014","106,72","106,17","107,04","106,10","184,07K","0,54%"
"03.04.2014","106,15","104,59","106,32","104,45","220,54K","1,30%"
"02.04.2014","104,79","105,32","105,85","103,95","271,60K","-0,79%"
"01.04.2014","105,62","107,66","107,80","105,10","195,03K","-1,99%"
"31.03.2014","107,76","108,00","108,33","107,05","145,62K","-0,29%"
"28.03.2014","108,07","107,73","108,39","107,62","140,35K","0,22%"
"27.03.2014","107,83","107,00","107,99","106,77","184,83K","0,75%"
"26.03.2014","107,03","106,97","107,35","106,48","166,38K","0,04%"
"25.03.2014","106,99","106,59","107,48","106,44","167,09K","0,17%"
"24.03.2014","106,81","107,01","107,50","106,45","142,79K","-0,10%"
"21.03.2014","106,92","106,22","107,77","106,01","167,80K","0,44%"
"20.03.2014","106,45","105,90","106,75","105,41","205,21K","0,57%"
"19.03.2014","105,85","106,60","106,87","105,71","188,48K","-0,88%"
"18.03.2014","106,79","106,40","106,85","105,85","170,58K","0,52%"
"17.03.2014","106,24","108,55","108,60","106,16","166,23K","-2,15%"
"14.03.2014","108,57","107,25","108,69","107,24","12,88K","1,10%"
"13.03.2014","107,39","108,26","108,51","106,98","86,26K","-0,58%"
"12.03.2014","108,02","108,41","108,55","107,61","159,23K","-0,49%"
"11.03.2014","108,55","107,88","108,70","107,83","146,85K","0,43%"
"10.03.2014","108,08","108,73","108,85","107,75","149,34K","-0,84%"
"07.03.2014","109,00","108,30","109,09","107,82","172,05K","0,83%"
"06.03.2014","108,10","107,66","108,54","107,37","228,72K","0,32%"
"05.03.2014","107,76","109,17","109,36","107,55","220,18K","-1,41%"
"04.03.2014","109,30","111,16","111,32","109,00","218,50K","-1,71%"
"03.03.2014","111,20","109,44","112,39","109,26","291,31K","1,95%"
"28.02.2014","109,07","108,85","109,34","108,40","189,56K","0,10%"
"27.02.2014","108,96","109,41","109,45","108,65","192,91K","-0,51%"
"26.02.2014","109,52","109,56","109,97","109,20","186,71K","0,01%"
"25.02.2014","109,51","110,64","110,64","109,42","198,16K","-1,02%"
"24.02.2014","110,64","109,65","110,77","109,50","202,52K","0,72%"
"21.02.2014","109,85","110,50","110,50","109,35","154,90K","-0,41%"
"20.02.2014","110,30","110,39","110,49","109,58","151,21K","-0,15%"
"19.02.2014","110,47","110,55","110,82","110,02","163,34K","0,01%"
"18.02.2014","110,46","109,07","110,70","108,84","150,35K","1,17%"
"17.02.2014","109,18","109,13","109,40","108,64","56,87K","0,09%"
"14.02.2014","109,08","108,58","109,25","107,85","146,75K","0,32%"
"13.02.2014","108,73","108,68","108,84","108,09","18,08K","-0,06%"
"12.02.2014","108,79","108,78","109,50","108,47","105,89K","0,10%"
"11.02.2014","108,68","108,52","109,24","108,47","137,26K","0,05%"
"10.02.2014","108,63","109,75","109,75","108,40","162,66K","-0,86%"
"07.02.2014","109,57","107,32","109,74","106,88","215,63K","2,22%"
"06.02.2014","107,19","106,28","107,48","106,15","205,08K","0,88%"
"05.02.2014","106,25","106,09","106,44","105,58","193,78K","0,44%"
"04.02.2014","105,78","105,85","106,23","105,49","186,44K","-0,25%"
"03.02.2014","106,04","106,40","106,72","105,40","264,73K","-0,34%"
"31.01.2014","106,40","107,75","107,94","106,30","231,46K","-1,44%"
"30.01.2014","107,95","107,85","108,40","107,65","188,73K","0,09%"
"29.01.2014","107,85","107,36","108,05","106,93","207,31K","0,41%"
"28.01.2014","107,41","106,86","107,79","106,76","188,30K","0,67%"
"27.01.2014","106,69","107,91","108,09","106,45","203,30K","-1,10%"
"24.01.2014","107,88","107,58","108,03","106,23","244,56K","0,28%"
"23.01.2014","107,58","108,14","108,28","107,37","241,80K","-0,64%"
"22.01.2014","108,27","106,90","108,33","106,78","184,00K","1,44%"
"21.01.2014","106,73","106,35","108,00","106,28","254,31K","0,36%"
"20.01.2014","106,35","106,28","106,65","105,81","103,66K","-0,12%"
"17.01.2014","106,48","105,55","106,95","105,44","198,42K","-0,57%"
"16.01.2014","107,09","106,82","107,35","106,44","14,56K","-0,04%"
"15.01.2014","107,13","106,17","107,55","105,80","70,78K","0,70%"
"14.01.2014","106,39","106,62","107,14","106,06","111,28K","-0,34%"
"13.01.2014","106,75","107,25","107,64","106,36","151,80K","-0,47%"
"10.01.2014","107,25","106,44","107,58","106,03","198,57K","0,81%"
"09.01.2014","106,39","107,35","108,20","106,12","175,37K","-0,71%"
"08.01.2014","107,15","107,49","107,95","107,00","185,54K","-0,19%"
"07.01.2014","107,35","107,03","107,72","106,88","188,20K","0,58%"
"06.01.2014","106,73","106,80","107,96","106,58","181,82K","-0,15%"
"03.01.2014","106,89","107,88","108,64","106,79","191,13K","-0,83%"
"02.01.2014","107,78","111,00","111,35","107,65","200,65K","-2,83%"
"01.01.2014","110,92","110,92","110,92","110,92","-","0,11%"